website,cdn_servers
live.com,a-0010.a-msedge.net
googleusercontent.com,fra16s08-in-f193.1e100.net; bom12s20-in-f1.1e100.net; yb-in-f132.1e100.net; sfo03s21-in-f1.1e100.net; lhr48s29-in-f1.1e100.net; lga34s36-in-f1.1e100.net; ams17s10-in-f1.1e100.net; syd15s17-in-f1.1e100.net; yyz10s14-in-f1.1e100.net; lga34s34-in-f1.1e100.net; nuq04s44-in-f1.1e100.net; sc-in-f132.1e100.net
ebay.com,a23-33-42-144.deploy.static.akamaitechnologies.com; a23-67-33-5.deploy.static.akamaitechnologies.com; a2-19-248-89.deploy.static.akamaitechnologies.com; a23-215-7-30.deploy.static.akamaitechnologies.com; a23-32-5-151.deploy.static.akamaitechnologies.com; a2-16-6-34.deploy.static.akamaitechnologies.com; a184-50-85-145.deploy.static.akamaitechnologies.com; a2-16-6-12.deploy.static.akamaitechnologies.com; a104-93-21-145.deploy.static.akamaitechnologies.com
stripe.com,ec2-52-215-231-162.eu-west-1.compute.amazonaws.com; ec2-52-86-4-21.compute-1.amazonaws.com; ec2-3-229-145-172.compute-1.amazonaws.com; ec2-52-40-139-248.us-west-2.compute.amazonaws.com; ec2-3-90-98-12.compute-1.amazonaws.com; ec2-13-228-68-255.ap-southeast-1.compute.amazonaws.com; ec2-34-252-74-21.eu-west-1.compute.amazonaws.com; ec2-54-179-176-233.ap-southeast-1.compute.amazonaws.com; ec2-3-106-27-78.ap-southeast-2.compute.amazonaws.com; ec2-35-166-203-173.us-west-2.compute.amazonaws.com; ec2-54-162-8-126.compute-1.amazonaws.com
globo.com,186-192-83-12.prt.globo.com
teamviewer.com,ad9dfefee4e491c65.awsglobalaccelerator.com
trustpilot.com,ec2-52-211-4-10.eu-west-1.compute.amazonaws.com; ec2-34-241-213-78.eu-west-1.compute.amazonaws.com; ec2-52-48-138-41.eu-west-1.compute.amazonaws.com; ec2-34-251-59-78.eu-west-1.compute.amazonaws.com; ec2-54-154-204-197.eu-west-1.compute.amazonaws.com
branch.io,server-13-33-88-8.sin2.r.cloudfront.net; server-18-67-110-14.syd62.r.cloudfront.net; server-3-168-102-10.jfk52.r.cloudfront.net; server-108-156-60-24.ams1.r.cloudfront.net; server-13-249-39-109.iad89.r.cloudfront.net; server-18-66-122-44.fra60.r.cloudfront.net; server-99-84-238-136.sfo5.r.cloudfront.net; server-3-164-92-30.yto53.r.cloudfront.net; server-18-66-122-95.fra60.r.cloudfront.net; server-3-168-102-65.jfk52.r.cloudfront.net; server-18-239-111-47.bom54.r.cloudfront.net
amazontrust.com,server-143-204-215-70.fra53.r.cloudfront.net; server-13-225-63-107.ewr53.r.cloudfront.net; server-18-245-96-65.yto50.r.cloudfront.net; server-18-239-69-52.ams58.r.cloudfront.net; server-18-173-121-117.sfo53.r.cloudfront.net; server-143-204-215-39.fra53.r.cloudfront.net; server-52-85-151-84.iad89.r.cloudfront.net; server-18-239-111-25.bom54.r.cloudfront.net; server-13-35-238-128.sin2.r.cloudfront.net; server-108-158-32-114.syd3.r.cloudfront.net; server-18-173-121-33.sfo53.r.cloudfront.net
tremorhub.com,server-18-239-36-46.ams58.r.cloudfront.net; server-18-172-64-52.bom78.r.cloudfront.net; server-13-33-187-120.fra60.r.cloudfront.net; server-18-245-96-101.yto50.r.cloudfront.net; server-52-85-151-73.iad89.r.cloudfront.net; server-108-156-133-110.sin2.r.cloudfront.net; server-18-67-93-115.syd62.r.cloudfront.net; server-108-139-29-67.jfk50.r.cloudfront.net; server-13-33-187-31.fra60.r.cloudfront.net; server-18-239-199-8.sfo53.r.cloudfront.net; server-108-139-29-125.jfk50.r.cloudfront.net
comcast.com,dns-upper-redirect.xfinity.com
worldbank.org,a000b310d37acdcb9.awsglobalaccelerator.com
smartthings.com,server-18-67-76-6.iad89.r.cloudfront.net; server-3-160-150-85.fra60.r.cloudfront.net; server-108-139-29-45.jfk50.r.cloudfront.net; server-13-227-219-85.ams54.r.cloudfront.net; server-108-139-29-36.jfk50.r.cloudfront.net; server-108-139-29-104.jfk50.r.cloudfront.net; server-18-155-202-31.sfo53.r.cloudfront.net; server-18-65-244-68.syd3.r.cloudfront.net; server-18-67-17-76.yto50.r.cloudfront.net; server-3-160-150-101.fra60.r.cloudfront.net; server-18-155-202-71.sfo53.r.cloudfront.net; server-13-35-210-34.sin2.r.cloudfront.net; server-18-239-111-49.bom54.r.cloudfront.net
wshareit.com,ecs-159-138-103-42.compute.hwclouds-dns.com
google.ru,yi-in-f94.1e100.net; lga34s31-in-f3.1e100.net; sh-in-f94.1e100.net; bom12s20-in-f3.1e100.net; sfo03s26-in-f3.1e100.net; nuq04s44-in-f3.1e100.net; yyz12s07-in-f3.1e100.net; lga25s81-in-f3.1e100.net; lga25s71-in-f3.1e100.net; fra16s49-in-f3.1e100.net; prg03s05-in-f3.1e100.net; syd09s31-in-f3.1e100.net; lhr48s49-in-f3.1e100.net
weathernews.jp,server-13-35-238-70.sin2.r.cloudfront.net; server-18-164-124-62.jfk50.r.cloudfront.net; server-18-244-18-12.fra56.r.cloudfront.net; server-18-164-124-110.jfk50.r.cloudfront.net; server-18-239-142-116.bom54.r.cloudfront.net; server-52-85-151-129.iad89.r.cloudfront.net; server-108-158-20-33.syd62.r.cloudfront.net; server-3-164-92-33.yto53.r.cloudfront.net; server-3-168-86-32.sfo5.r.cloudfront.net; server-18-244-18-73.fra56.r.cloudfront.net; server-18-238-243-9.ams58.r.cloudfront.net; server-3-168-86-106.sfo5.r.cloudfront.net
goguardian.com,ec2-54-190-157-47.us-west-2.compute.amazonaws.com; ec2-34-212-125-0.us-west-2.compute.amazonaws.com; ec2-54-186-42-254.us-west-2.compute.amazonaws.com; ec2-44-233-196-189.us-west-2.compute.amazonaws.com; ec2-54-70-54-65.us-west-2.compute.amazonaws.com; ec2-44-227-134-43.us-west-2.compute.amazonaws.com
mparticle.com,ec2-18-207-35-54.compute-1.amazonaws.com; ec2-54-196-97-165.compute-1.amazonaws.com; ec2-3-210-172-157.compute-1.amazonaws.com; ec2-44-208-247-206.compute-1.amazonaws.com
howstuffworks.com,server-3-168-102-13.jfk52.r.cloudfront.net; server-18-67-39-83.yto50.r.cloudfront.net; server-18-238-192-22.sfo53.r.cloudfront.net; server-18-160-41-11.iad55.r.cloudfront.net; server-18-67-110-24.syd62.r.cloudfront.net; server-13-33-30-29.sin2.r.cloudfront.net; server-108-159-80-27.bom78.r.cloudfront.net; server-3-168-102-5.jfk52.r.cloudfront.net; server-18-245-86-64.fra60.r.cloudfront.net; server-18-239-69-81.ams58.r.cloudfront.net; server-18-238-192-122.sfo53.r.cloudfront.net; server-18-245-86-14.fra60.r.cloudfront.net
mitre.org,ec2-52-45-20-31.compute-1.amazonaws.com
hyatt.com,a23-43-85-12.deploy.static.akamaitechnologies.com; a23-222-17-239.deploy.static.akamaitechnologies.com; a23-62-46-150.deploy.static.akamaitechnologies.com; a23-1-33-207.deploy.static.akamaitechnologies.com; a2-18-66-88.deploy.static.akamaitechnologies.com; a92-123-104-59.deploy.static.akamaitechnologies.com; a125-56-219-17.deploy.static.akamaitechnologies.com; a69-192-139-103.deploy.static.akamaitechnologies.com; a23-43-85-22.deploy.static.akamaitechnologies.com; a2-16-27-217.deploy.static.akamaitechnologies.com; a23-3-70-195.deploy.static.akamaitechnologies.com; a23-32-5-199.deploy.static.akamaitechnologies.com
tamu.edu,aff74224b277c7807.awsglobalaccelerator.com
kde.org,tyran.kde.org
web.de,bs.web.de; bap.web.de
usercentrics.eu,130.77.160.34.bc.googleusercontent.com
arcticwolf.net,16.100.148.146.bc.googleusercontent.com
google.ch,yyz10s17-in-f3.1e100.net; ams15s42-in-f3.1e100.net; lga34s30-in-f3.1e100.net; lga25s77-in-f3.1e100.net; sfo03s26-in-f3.1e100.net; nuq04s45-in-f3.1e100.net; syd09s23-in-f3.1e100.net; bom12s17-in-f3.1e100.net; lcfraa-aa-in-f3.1e100.net; ams16s22-in-f227.1e100.net; ys-in-f94.1e100.net; sb-in-f94.1e100.net; lga25s73-in-f3.1e100.net
nessus.org,ec2-54-159-189-155.compute-1.amazonaws.com
rottentomatoes.com,a23-212-220-172.deploy.static.akamaitechnologies.com; a23-38-24-111.deploy.static.akamaitechnologies.com; a96-16-199-207.deploy.static.akamaitechnologies.com; a23-44-250-189.deploy.static.akamaitechnologies.com; a118-215-81-254.deploy.static.akamaitechnologies.com; a104-103-203-176.deploy.static.akamaitechnologies.com; a96-6-227-100.deploy.static.akamaitechnologies.com; a104-68-12-201.deploy.static.akamaitechnologies.com; a23-51-163-153.deploy.static.akamaitechnologies.com; a104-90-83-148.deploy.static.akamaitechnologies.com
xero.com,server-13-227-74-23.sfo20.r.cloudfront.net; server-99-86-4-54.fra6.r.cloudfront.net; server-108-138-106-117.jfk50.r.cloudfront.net; server-13-227-74-6.sfo20.r.cloudfront.net; server-108-138-106-85.jfk50.r.cloudfront.net; server-18-67-93-7.syd62.r.cloudfront.net; server-18-67-17-36.yto50.r.cloudfront.net; server-13-33-88-105.sin2.r.cloudfront.net; server-18-239-36-23.ams58.r.cloudfront.net; server-18-160-41-85.iad55.r.cloudfront.net; server-99-86-4-60.fra6.r.cloudfront.net; server-18-172-64-5.bom78.r.cloudfront.net
ethz.ch,cms-publish.ethz.ch
mobilefuse.com,server-108-158-61-34.bom78.r.cloudfront.net; server-18-155-202-39.sfo53.r.cloudfront.net; server-3-165-102-14.sin2.r.cloudfront.net; server-18-155-202-119.sfo53.r.cloudfront.net; server-18-164-96-18.jfk50.r.cloudfront.net; server-18-245-60-58.fra60.r.cloudfront.net; server-108-138-64-2.iad12.r.cloudfront.net; server-18-239-69-112.ams58.r.cloudfront.net; server-108-158-32-74.syd3.r.cloudfront.net; server-18-164-96-44.jfk50.r.cloudfront.net; server-18-67-17-13.yto50.r.cloudfront.net; server-18-245-60-31.fra60.r.cloudfront.net
ccc.de,web.ber.ccc.de
hawaii.edu,paciber.org; web3-vip-www00.its.hawaii.edu; hbtf.org; www2002.org; hawaii.edu; waquarium.org; p20hawaii.org; ssri.hawaii.edu
sba.gov,ec2-54-221-219-215.compute-1.amazonaws.com; ec2-3-220-200-186.compute-1.amazonaws.com; ec2-35-153-10-75.compute-1.amazonaws.com
nalog.ru,cdn.ngenix.net
google.com.pk,lhr25s26-in-f3.1e100.net; lga25s77-in-f3.1e100.net; sfo03s33-in-f3.1e100.net; fra24s07-in-f3.1e100.net; lga25s81-in-f3.1e100.net; syd09s23-in-f3.1e100.net; sc-in-f94.1e100.net; bom12s12-in-f3.1e100.net; lga34s40-in-f3.1e100.net; yb-in-f94.1e100.net; ams15s48-in-f3.1e100.net; yyz12s08-in-f3.1e100.net; sfo03s25-in-f3.1e100.net
tele2.ru,cdn.ngenix.net
code.org,server-18-245-31-79.fra56.r.cloudfront.net; server-3-168-86-122.sfo5.r.cloudfront.net; server-18-67-39-102.yto50.r.cloudfront.net; server-18-245-31-41.fra56.r.cloudfront.net; server-18-160-10-103.iad12.r.cloudfront.net; server-18-67-93-9.syd62.r.cloudfront.net; server-3-168-86-16.sfo5.r.cloudfront.net; server-18-239-142-99.bom54.r.cloudfront.net; server-13-227-254-59.sin52.r.cloudfront.net; server-18-239-36-82.ams58.r.cloudfront.net; server-3-171-139-88.jfk52.r.cloudfront.net; server-3-171-139-31.jfk52.r.cloudfront.net
qualcomm.com,oss.qualcomm.com; vip-drekar-lasdmzprd-xredirect.qualcomm.com; snapdragon.com; qualcomm.com
uga.edu,a4345f13d27631163.awsglobalaccelerator.com
lastline.com,as-40816.engx.vmware.com
google.lk,yo-in-f94.1e100.net; lga25s77-in-f3.1e100.net; ams16s37-in-f3.1e100.net; bom07s32-in-f3.1e100.net; yyz12s07-in-f3.1e100.net; prg03s02-in-f3.1e100.net; lga25s78-in-f3.1e100.net; nuq04s45-in-f3.1e100.net; sd-in-f94.1e100.net; fra24s11-in-f3.1e100.net; lga34s35-in-f3.1e100.net; nuq04s43-in-f3.1e100.net; syd15s06-in-f3.1e100.net
eia.gov,parspssmtest.doe.gov
siemens.de,a63a2890458a45c87.awsglobalaccelerator.com
tenor.co,18.13.120.34.bc.googleusercontent.com
merchant-center-analytics.goog,any-in-201b.1e100.net
statsig.com,214.101.36.34.bc.googleusercontent.com
alamy.com,ec2-18-202-65-174.eu-west-1.compute.amazonaws.com; ec2-46-137-15-250.eu-west-1.compute.amazonaws.com; ec2-52-209-52-68.eu-west-1.compute.amazonaws.com; ec2-34-255-127-214.eu-west-1.compute.amazonaws.com; ec2-52-211-209-222.eu-west-1.compute.amazonaws.com; ec2-34-241-165-15.eu-west-1.compute.amazonaws.com
3m.com,ec2-3-141-62-237.us-east-2.compute.amazonaws.com; ec2-3-14-46-171.us-east-2.compute.amazonaws.com; ec2-3-13-79-249.us-east-2.compute.amazonaws.com; ec2-3-136-30-252.us-east-2.compute.amazonaws.com; ec2-3-130-138-83.us-east-2.compute.amazonaws.com
netlify.com,ec2-44-217-247-226.compute-1.amazonaws.com; afa7f374f51cc8991.awsglobalaccelerator.com
lapresse.ca,ec2-52-206-165-235.compute-1.amazonaws.com; ec2-34-234-47-18.compute-1.amazonaws.com; ec2-34-199-174-9.compute-1.amazonaws.com; ec2-3-221-63-61.compute-1.amazonaws.com; ec2-18-207-171-205.compute-1.amazonaws.com
uh.edu,www.uh.edu; campusnet.uh.edu; m.uh.edu; uh.edu
ons.gov.uk,ec2-18-169-209-99.eu-west-2.compute.amazonaws.com
asuscomm.com,ec2-54-191-180-149.us-west-2.compute.amazonaws.com
jal.co.jp,ec2-18-178-219-162.ap-northeast-1.compute.amazonaws.com
salesforce-scrt.com,ec2-35-182-14-37.ca-central-1.compute.amazonaws.com; ec2-34-226-36-52.compute-1.amazonaws.com; ec2-3-146-43-229.us-east-2.compute.amazonaws.com; ec2-35-158-127-52.eu-central-1.compute.amazonaws.com; ec2-3-146-43-227.us-east-2.compute.amazonaws.com; ec2-13-228-64-83.ap-southeast-1.compute.amazonaws.com; ec2-34-211-108-47.us-west-2.compute.amazonaws.com; ec2-13-126-23-67.ap-south-1.compute.amazonaws.com; ec2-34-211-108-45.us-west-2.compute.amazonaws.com; ec2-13-210-3-211.ap-southeast-2.compute.amazonaws.com; ec2-35-158-127-51.eu-central-1.compute.amazonaws.com; ec2-35-176-92-21.eu-west-2.compute.amazonaws.com
lgdacom.net,92.84.149.34.bc.googleusercontent.com
academy.com,174-46-23-26.static.ctl.one
turbify.com,ec2-52-7-42-254.compute-1.amazonaws.com; ec2-54-225-107-151.compute-1.amazonaws.com; ec2-52-87-61-164.compute-1.amazonaws.com; ec2-34-232-111-163.compute-1.amazonaws.com; ec2-3-84-65-235.compute-1.amazonaws.com
autotrader.com,a104-89-121-208.deploy.static.akamaitechnologies.com; a95-101-177-16.deploy.static.akamaitechnologies.com; a23-40-162-169.deploy.static.akamaitechnologies.com; a23-50-132-184.deploy.static.akamaitechnologies.com; a23-212-8-226.deploy.static.akamaitechnologies.com; a23-201-164-232.deploy.static.akamaitechnologies.com; a23-0-213-207.deploy.static.akamaitechnologies.com; a23-55-196-215.deploy.static.akamaitechnologies.com; a23-38-51-183.deploy.static.akamaitechnologies.com
gigaset.net,ip81-173-115-217.pbiaas.com
trenitalia.com,a23-222-35-143.deploy.static.akamaitechnologies.com; a23-65-199-55.deploy.static.akamaitechnologies.com; a23-67-130-178.deploy.static.akamaitechnologies.com; a104-70-85-121.deploy.static.akamaitechnologies.com; a23-207-120-158.deploy.static.akamaitechnologies.com; a2-18-142-69.deploy.static.akamaitechnologies.com; a95-100-72-68.deploy.static.akamaitechnologies.com; a184-85-180-226.deploy.static.akamaitechnologies.com
retailrocket.ru,static.88-99-142-227.clients.your-server.de
o2.pl,www.o2.pl
deviantart.net,ec2-35-166-141-143.us-west-2.compute.amazonaws.com; ec2-100-20-169-240.us-west-2.compute.amazonaws.com; ec2-35-163-214-23.us-west-2.compute.amazonaws.com; ec2-44-226-191-238.us-west-2.compute.amazonaws.com; ec2-52-40-186-232.us-west-2.compute.amazonaws.com; ec2-35-83-109-39.us-west-2.compute.amazonaws.com
pr3tty-fly4.com,psh5-2.1push.io; psh7-2.1push.io; psh6.1push.io; psh5.1push.io; psh8.1push.io; psh4.1push.io; psh3.1push.io; psh8-2.1push.io
twingate.com,97.151.36.34.bc.googleusercontent.com
taxtelecom.ru,htz2.taximaxim.com
google.ga,syd15s16-in-f3.1e100.net; fra15s28-in-f3.1e100.net; lga34s36-in-f3.1e100.net; ams16s37-in-f3.1e100.net; pnbomb-ad-in-f3.1e100.net; lga34s39-in-f3.1e100.net; prg03s02-in-f99.1e100.net; yyz12s06-in-f3.1e100.net; lga34s32-in-f3.1e100.net; sfo03s27-in-f3.1e100.net; atl26s14-in-f3.1e100.net; sa-in-f94.1e100.net; yt-in-f94.1e100.net
googlecode.com,lga25s77-in-f4.1e100.net; yyz10s20-in-f4.1e100.net; ams15s44-in-f4.1e100.net; fra24s08-in-f4.1e100.net; nuq04s43-in-f4.1e100.net; bom12s05-in-f4.1e100.net; sfo03s27-in-f4.1e100.net; sc-in-f147.1e100.net; lga34s34-in-f4.1e100.net; lga34s39-in-f4.1e100.net; yv-in-f106.1e100.net; mad08s04-in-f4.1e100.net; syd09s23-in-f4.1e100.net
growthbook.io,server-13-227-74-9.sfo20.r.cloudfront.net; server-18-245-96-63.yto50.r.cloudfront.net; server-108-139-47-113.jfk50.r.cloudfront.net; server-13-227-74-65.sfo20.r.cloudfront.net; server-3-162-125-36.iad61.r.cloudfront.net; server-143-204-215-89.fra53.r.cloudfront.net; server-143-204-215-59.fra53.r.cloudfront.net; server-13-33-30-31.sin2.r.cloudfront.net; server-18-239-111-59.bom54.r.cloudfront.net; server-13-227-219-109.ams54.r.cloudfront.net; server-108-139-47-38.jfk50.r.cloudfront.net; server-108-158-20-74.syd62.r.cloudfront.net
nine.com.au,aa089eb6179d1ae2b.awsglobalaccelerator.com; a6033b2998aeb1ff7.awsglobalaccelerator.com
eqads.com,74-213-173-116.beanfield.net
ccleaner.com,server-18-66-147-66.fra60.r.cloudfront.net; server-52-85-151-103.iad89.r.cloudfront.net; server-18-67-110-20.syd62.r.cloudfront.net; server-18-238-80-74.jfk52.r.cloudfront.net; server-108-156-133-107.sin2.r.cloudfront.net; server-18-66-147-112.fra60.r.cloudfront.net; server-13-33-165-47.yto50.r.cloudfront.net; server-108-159-61-68.bom78.r.cloudfront.net; server-18-239-94-55.ams1.r.cloudfront.net; server-18-238-80-13.jfk52.r.cloudfront.net; server-18-238-80-11.jfk52.r.cloudfront.net; server-13-35-121-121.sfo5.r.cloudfront.net
alaska.gov,state.ak.us; alaskacare.gov; alaska.gov; webbase.f.alaska.gov; courts.alaska.gov
decolar.com,ec2-44-210-62-22.compute-1.amazonaws.com; 142-202-129-22-static.despegar.net
fnn.jp,server-13-35-210-27.sin2.r.cloudfront.net; server-18-245-31-27.fra56.r.cloudfront.net; server-18-155-99-63.blr50.r.cloudfront.net; server-13-35-210-71.sin2.r.cloudfront.net; server-18-245-96-109.yto50.r.cloudfront.net; server-18-155-202-91.sfo53.r.cloudfront.net; server-18-239-83-29.ams58.r.cloudfront.net; server-3-162-103-100.iad61.r.cloudfront.net; server-13-249-91-77.jfk52.r.cloudfront.net; server-18-155-202-9.sfo53.r.cloudfront.net
divvy.co,ec2-100-20-121-48.us-west-2.compute.amazonaws.com; ec2-54-201-148-192.us-west-2.compute.amazonaws.com; ec2-54-184-4-124.us-west-2.compute.amazonaws.com; ec2-54-186-198-138.us-west-2.compute.amazonaws.com; ec2-52-13-115-144.us-west-2.compute.amazonaws.com; ec2-52-12-154-90.us-west-2.compute.amazonaws.com; ec2-52-42-0-24.us-west-2.compute.amazonaws.com; ec2-35-162-239-241.us-west-2.compute.amazonaws.com; ec2-52-12-166-100.us-west-2.compute.amazonaws.com
upmusics.com,static.88.198.87.74.clients.your-server.de
rusvideos.cc,4769541.ds-b.had.pm
nishinippon.co.jp,server-18-67-110-59.syd62.r.cloudfront.net; server-3-168-73-110.jfk50.r.cloudfront.net; server-3-168-73-24.jfk50.r.cloudfront.net; server-18-245-86-117.fra60.r.cloudfront.net; server-108-159-80-32.bom78.r.cloudfront.net; server-18-238-192-77.sfo53.r.cloudfront.net; server-18-238-192-21.sfo53.r.cloudfront.net; server-18-67-39-37.yto50.r.cloudfront.net; server-18-239-69-20.ams58.r.cloudfront.net; server-18-160-10-69.iad12.r.cloudfront.net; server-3-168-73-38.jfk50.r.cloudfront.net; server-13-225-4-23.sin52.r.cloudfront.net
petsmart.com,crs.ultradns.net
cryoutcreations.eu,web.cryout.eu
lespompeurs.com,vs1201.deus-communication.cognix-systems.net
volkskrant.nl,a23-216-149-148.deploy.static.akamaitechnologies.com; a23-209-46-155.deploy.static.akamaitechnologies.com; a2-17-100-186.deploy.static.akamaitechnologies.com; a23-205-255-206.deploy.static.akamaitechnologies.com; a23-196-3-203.deploy.static.akamaitechnologies.com; a23-34-59-13.deploy.static.akamaitechnologies.com; a104-110-191-28.deploy.static.akamaitechnologies.com; a2-18-27-151.deploy.static.akamaitechnologies.com; a23-54-30-83.deploy.static.akamaitechnologies.com; a23-11-215-153.deploy.static.akamaitechnologies.com; a23-34-59-33.deploy.static.akamaitechnologies.com; a96-7-74-34.deploy.static.akamaitechnologies.com
google.org,any-in-201b.1e100.net
dedeman.ro,ec2-52-16-150-45.eu-west-1.compute.amazonaws.com
supersport.hr,ec2-18-198-21-91.eu-central-1.compute.amazonaws.com; ec2-3-123-168-247.eu-central-1.compute.amazonaws.com; ec2-3-127-128-129.eu-central-1.compute.amazonaws.com; ec2-52-57-139-238.eu-central-1.compute.amazonaws.com; ec2-18-185-210-9.eu-central-1.compute.amazonaws.com; ec2-54-93-85-179.eu-central-1.compute.amazonaws.com; ec2-3-77-101-43.eu-central-1.compute.amazonaws.com; ec2-18-159-72-169.eu-central-1.compute.amazonaws.com; ec2-18-194-180-164.eu-central-1.compute.amazonaws.com; ec2-52-59-167-207.eu-central-1.compute.amazonaws.com
bitcoin.com,ab131f7b344fd985a.awsglobalaccelerator.com
pex.jp,server-18-239-36-111.ams58.r.cloudfront.net; server-18-245-96-83.yto50.r.cloudfront.net; server-13-225-63-107.ewr53.r.cloudfront.net; server-13-225-63-113.ewr53.r.cloudfront.net; server-18-160-41-127.iad55.r.cloudfront.net; server-18-66-57-126.bom78.r.cloudfront.net; server-18-244-214-96.sfo53.r.cloudfront.net; server-99-86-4-20.fra6.r.cloudfront.net; server-3-165-82-43.sin2.r.cloudfront.net
sitepoint.com,ec2-54-148-84-95.us-west-2.compute.amazonaws.com
which.co.uk,ec2-34-246-63-90.eu-west-1.compute.amazonaws.com; ec2-52-48-14-237.eu-west-1.compute.amazonaws.com; ec2-54-170-129-123.eu-west-1.compute.amazonaws.com; ec2-52-30-245-92.eu-west-1.compute.amazonaws.com; ec2-52-49-28-101.eu-west-1.compute.amazonaws.com
umt.edu,wtswww.ito.umt.edu
schneevonmorgen.com,server-18-239-199-44.sfo53.r.cloudfront.net; server-18-67-39-122.yto50.r.cloudfront.net; server-18-160-46-100.iad55.r.cloudfront.net; server-18-65-39-56.ams1.r.cloudfront.net; server-18-164-116-118.jfk50.r.cloudfront.net; server-18-173-205-42.fra56.r.cloudfront.net; server-18-239-199-123.sfo53.r.cloudfront.net; server-18-67-93-92.syd62.r.cloudfront.net; server-18-164-116-84.jfk50.r.cloudfront.net
kiskegyed.hu,af07376032adb5926.awsglobalaccelerator.com
hackerrank.com,ec2-34-206-230-13.compute-1.amazonaws.com; ec2-34-225-182-236.compute-1.amazonaws.com; ec2-3-228-247-114.compute-1.amazonaws.com; ec2-54-242-102-131.compute-1.amazonaws.com; ec2-52-55-97-9.compute-1.amazonaws.com; ec2-18-207-145-16.compute-1.amazonaws.com
campaign-archive1.com,a23-221-76-7.deploy.static.akamaitechnologies.com; a23-202-168-131.deploy.static.akamaitechnologies.com; a23-61-112-5.deploy.static.akamaitechnologies.com; a173-222-12-6.deploy.static.akamaitechnologies.com; a184-50-204-5.deploy.static.akamaitechnologies.com; a23-207-180-5.deploy.static.akamaitechnologies.com; a69-192-160-7.deploy.static.akamaitechnologies.com; a23-192-52-6.deploy.static.akamaitechnologies.com; a104-99-48-7.deploy.static.akamaitechnologies.com; a23-196-32-55.deploy.static.akamaitechnologies.com; a23-220-112-6.deploy.static.akamaitechnologies.com
redlights.be,89.190.107.34.bc.googleusercontent.com
paysafecard.com,s3-website.eu-central-1.amazonaws.com
