,Website
0,google.com
1,amazonaws.com
3,facebook.com
6,apple.com
7,youtube.com
10,googleapis.com
14,instagram.com
15,gstatic.com
18,live.com
21,googletagmanager.com
22,googlevideo.com
25,amazon.com
26,fbcdn.net
27,doubleclick.net
29,googleusercontent.com
31,wikipedia.org
38,googlesyndication.com
39,icloud.com
43,youtu.be
44,github.com
46,netflix.com
47,domaincontrol.com
48,whatsapp.net
50,yahoo.com
53,appsflyersdk.com
55,adobe.com
56,goo.gl
58,spotify.com
62,tiktokv.com
63,whatsapp.com
66,google-analytics.com
67,yandex.net
71,nic.ru
73,gandi.net
74,ntp.org
84,tiktok.com
85,blogspot.com
87,mozilla.org
91,unity3d.com
92,googleadservices.com
94,lencr.org
95,googledomains.com
96,intuit.com
97,snapchat.com
101,amazon-adsystem.com
104,comcast.net
108,wa.me
110,app-analytics-services.com
116,tumblr.com
117,msedge.net
118,vk.com
119,app-measurement.com
120,sentry.io
122,ui.com
123,github.io
125,userapi.com
129,telecid.ru
133,epicgames.com
135,one.one
142,archive.org
144,flickr.com
147,webex.com
151,meraki.com
152,pki.goog
162,soundcloud.com
179,myfritz.net
181,gmail.com
182,nginx.org
183,android.com
185,adobe.io
187,ebay.com
202,amazonvideo.com
209,cisco.com
212,mit.edu
214,salesforce.com
215,ubuntu.com
216,b-cdn.net
217,scorecardresearch.com
219,shopify.com
224,rubiconproject.com
225,t-online.de
227,youtube-nocookie.com
230,booking.com
232,launchdarkly.com
233,go.com
235,googleblog.com
236,hp.com
239,ampproject.org
240,smartadserver.com
242,slack.com
244,wikimedia.org
245,salesforceliveagent.com
247,grammarly.com
253,openx.net
254,sharethrough.com
255,mzstatic.com
256,cdc.gov
257,oracle.com
260,appsflyer.com
261,espn.com
265,weebly.com
266,3lift.com
268,opendns.com
269,godaddy.com
270,adsrvr.org
271,reuters.com
273,google.com.br
274,mozilla.com
275,avast.com
277,stripe.com
278,crashlytics.com
284,health.mil
285,pubmatic.com
286,dailymail.co.uk
290,wiley.com
291,media.net
292,washingtonpost.com
298,steampowered.com
303,dzen.ru
304,bidswitch.net
313,bloomberg.com
314,telegraph.co.uk
315,wbx2.com
319,ibm.com
320,adsafeprotected.com
323,wsj.com
326,weather.com
328,quantserve.com
330,shalltry.com
336,dnsmadeeasy.com
337,lijit.com
338,dailymotion.com
343,google.de
345,ea.com
347,php.net
353,mcafee.com
359,eset.com
360,creativecdn.com
363,id5-sync.com
365,outbrain.com
367,autodesk.com
368,elasticbeanstalk.com
369,dell.com
370,quora.com
373,stanford.edu
374,gnu.org
379,sohu.com
380,checkpoint.com
382,inner-active.mobi
384,globo.com
385,eventbrite.com
389,okcdn.ru
390,force.com
394,tp-link.com
395,google.co.uk
398,ok.ru
399,npr.org
405,statista.com
406,kaspersky-labs.com
407,rambler.ru
412,arubanetworks.com
419,foxnews.com
426,aol.com
427,walmart.com
429,g.page
431,nvidia.com
437,teamviewer.com
438,firetvcaptiveportal.com
440,adobe.net
445,sophos.com
447,tradingview.com
448,blogger.com
450,xserver.jp
452,entrust.net
455,wix.com
461,amzn.to
464,ngenix.net
465,imgsmail.ru
468,mayoclinic.org
469,cnet.com
474,surveymonkey.com
475,vkuser.net
477,huawei.com
478,duckdns.org
479,trustpilot.com
480,duolingo.com
483,mediatek.com
484,kahoot.it
488,ups.com
489,imcmdb.net
492,indiatimes.com
493,google.com.hk
494,ted.com
500,blueapron.com
503,360yield.com
507,hotjar.com
510,branch.io
511,google.ca
518,deviantart.com
521,google.fr
522,mysql.com
523,rackspace.net
524,uol.com.br
525,aboutads.info
526,oup.com
530,icloud-content.com
531,vkontakte.ru
532,mailchimp.com
534,nflxvideo.net
536,rakuten.co.jp
537,google.co.jp
538,amazontrust.com
541,freepik.com
542,steamcommunity.com
543,accuweather.com
550,playstation.com
567,paloaltonetworks.com
569,yieldmo.com
571,merriam-webster.com
574,cornell.edu
575,yandex.com
577,britannica.com
578,newsweek.com
581,qualtrics.com
583,amplitude.com
586,latimes.com
587,ezvizlife.com
590,worldnic.com
591,marriott.com
592,shutterstock.com
593,techcrunch.com
594,atlassian.com
598,nike.com
599,studocu.com
604,ikea.com
605,stackadapt.com
606,myspace.com
607,fb.com
608,tapad.com
610,google.es
611,google.co.in
612,free.fr
613,wattpad.com
618,typekit.net
620,google.it
622,beeline.ru
623,okta.com
625,gcdn.co
626,life360.com
633,teads.tv
635,herokuapp.com
637,w3schools.com
640,elpais.com
642,rackspace.com
646,datadoghq.com
651,withgoogle.com
652,nbcnews.com
658,mlb.com
665,hbr.org
670,intercom.io
672,pandora.com
673,fedex.com
674,warnerbros.com
675,gumgum.com
678,erome.com
680,coinmarketcap.com
681,airbnb.com
682,klaviyo.com
686,spaceweb.pro
691,networkadvertising.org
692,fda.gov
694,browser-intake-datadoghq.com
695,appspot.com
698,bestbuy.com
702,brave.com
704,shein.com
705,healthline.com
707,zemanta.com
710,service-now.com
711,moatads.com
713,avito.ru
714,washington.edu
717,anydesk.com
718,clever.com
722,nationalgeographic.com
723,homedepot.com
729,mixpanel.com
730,addthis.com
731,viber.com
733,pvp.net
734,nikkei.com
739,zillow.com
744,mailchi.mp
745,a-mo.net
747,omni.ru
750,pendo.io
752,sitescout.com
755,quickconnect.to
757,tremorhub.com
758,fast.com
759,google.cn
762,chartboost.com
765,bugsnag.com
772,supercell.com
774,cloudns.net
777,protek.ru
778,news.com.au
786,stickyadstv.com
787,wal-mart.com
788,canonical.com
794,google.pl
801,netgear.com
802,epa.gov
803,redhat.com
805,comcast.com
807,onetag-sys.com
810,pbs.org
811,recaptcha.net
814,ebay.co.uk
815,iso.org
818,unrulymedia.com
820,worldbank.org
825,lefigaro.fr
828,maricopa.gov
834,spamhaus.org
837,fbsbx.com
841,lenovo.com
844,google.com.mx
845,arcgis.com
846,rapid7.com
848,academia.edu
849,ad.gt
850,intentiq.com
854,otto.de
855,aniview.com
856,google.com.tr
858,kohls.com
859,primevideo.com
860,disneyplus.com
864,spot.im
866,pornhub.com
869,hindustantimes.com
870,rspamd.com
871,state.gov
875,nest.com
876,sonobi.com
877,yimg.com
879,classlink.com
881,oraclecloud.com
882,wp.pl
886,me.com
888,chartbeat.net
890,biblegateway.com
893,firefox.com
895,smartthings.com
897,typeform.com
899,apple.news
903,discogs.com
908,realtor.com
909,synology.com
910,segment.io
912,attn.tv
916,xfinity.com
920,deloitte.com
921,repubblica.it
923,lowes.com
925,hm.com
926,utorrent.com
928,seznam.cz
929,dreamhost.com
930,usnews.com
931,exelator.com
932,abovedomains.com
933,postrelease.com
935,innovid.com
937,pccc.com
938,ubnt.com
941,instabug.com
943,pikabu.ru
945,hilton.com
946,olympics.com
948,weforum.org
949,churnzero.net
953,eeroup.com
954,fb.me
956,mobile.de
958,richaudience.com
959,onet.pl
960,pusher.com
961,corriere.it
962,business.site
963,vmware.com
964,redfin.com
965,elmundo.es
966,chess.com
967,binance.com
970,sharethis.com
972,mercadolivre.com.br
973,mercadolibre.com.ar
978,hotmail.com
983,linode.com
985,dynatrace.com
987,ryanair.com
989,businesswire.com
991,eporner.com
992,caixa.gov.br
993,cbc.ca
996,macys.com
998,creditkarma.com
1004,interia.pl
1005,si.com
1007,francetvinfo.fr
1010,vkuseraudio.net
1011,ovh.net
1014,psychologytoday.com
1019,ubi.com
1020,geeksforgeeks.org
1021,bol.com
1024,chartbeat.com
1025,immunet.com
1027,tagesschau.de
1028,marca.com
1030,fortune.com
1033,datadome.co
1034,leparisien.fr
1035,no-ip.com
1036,tplinkcloud.com
1038,ndtv.com
1040,riotgames.com
1041,gofundme.com
1042,moneycontrol.com
1045,infobae.com
1048,olx.com.br
1050,epicgames.dev
1053,quizizz.com
1055,appier.net
1059,betweendigital.com
1060,screenrant.com
1061,sportybet.com
1065,as.com
1071,terra.com.br
1072,goal.com
1074,sportskeeda.com
1075,bfmtv.com
1076,eepurl.com
1077,abc.net.au
1080,gsmarena.com
1081,rayjump.com
1086,meethue.com
1089,agora.io
1090,company-target.com
1091,news18.com
1092,presage.io
1096,constantcontact.com
1097,ouest-france.fr
1100,lg.com
1105,marketwatch.com
1106,adrta.com
1110,coupang.com
1112,psu.edu
1117,n-tv.de
1119,cspserver.net
1121,cloud.com
1122,wshareit.com
1124,hulu.com
1125,google.ru
1126,xhcdn.com
1128,lanacion.com.ar
1131,kleinanzeigen.de
1134,20minutos.es
1135,wps.com
1137,docomo.ne.jp
1138,dafont.com
1140,leboncoin.fr
1141,elconfidencial.com
1144,dw.com
1147,olx.pl
1148,finn.no
1149,udn.com
1153,ad.nl
1154,india.com
1155,dsp-redirect.com
1156,sendgrid.net
1157,amazon.com.tr
1158,vg.no
1164,datto.com
1166,flashscore.com
1167,bmj.com
1169,sportingbet.com
1171,nu.nl
1172,dmm.co.jp
1173,mmechocaptiveportal.com
1175,wowhead.com
1178,pornpics.com
1179,jw.org
1180,rightmove.co.uk
1182,coursera.org
1183,itmedia.co.jp
1191,evernote.com
1193,gazzetta.it
1195,zdnet.com
1196,mercadolibre.com.mx
1198,ynet.co.il
1203,mongodb.com
1208,rule34video.com
1210,livescore.com
1212,avsxappcaptiveportal.com
1213,hitomi.la
1215,dan.com
1218,espncricinfo.com
1219,magazineluiza.com.br
1221,fb.watch
1224,excite.co.jp
1225,sciencedaily.com
1229,ixbt.com
1230,ddns.net
1233,tribunnews.com
1236,youporn.com
1238,yandexadexchange.net
1239,skyhigh.cloud
1241,hln.be
1242,mundodeportivo.com
1243,indiamart.com
1245,redtube.com
1246,ucla.edu
1251,cricbuzz.com
1253,marktplaats.nl
1255,makemytrip.com
1256,getpocket.com
1257,samsungknox.com
1264,ukr.net
1265,hepsiburada.com
1268,argos.co.uk
1269,myntra.com
1278,n-able.com
1280,meesho.com
1281,ladepeche.fr
1283,tvn24.pl
1285,byjus.com
1286,coomer.su
1291,partners-show.com
1292,mbga.jp
1293,avira.com
1294,kemono.su
1295,umn.edu
1298,naukri.com
1303,novinky.cz
1311,russianfood.com
1313,dlsite.com
1320,medicalnewstoday.com
1321,xnxx-cdn.com
1322,pluto.tv
1323,unifi-ai.com
1325,ilmessaggero.it
1328,youjizz.com
1334,thisvid.com
1339,cardgames.io
1345,algolia.net
1348,sanook.com
1359,nikkansports.com
1360,iltalehti.fi
1368,turkiye.gov.tr
1374,subito.it
1379,tds.net
1382,sciencemag.org
1384,pornhub.org
1390,xvideos-cdn.com
1392,twilio.com
1393,weathernews.jp
1395,justdial.com
1396,fanpage.it
1399,syosetu.com
1405,cronista.com
1412,granbluefantasy.jp
1415,expedia.com
1417,protothema.gr
1419,mangabuff.ru
1421,ptt.cc
1424,otomoto.pl
1425,eltiempo.es
1426,elsevier.com
1434,trello.com
1437,uci.edu
1439,manoramaonline.com
1440,smi2.net
1441,blic.rs
1444,gbnews.com
1446,eenadu.net
1447,game8.jp
1451,secureserver.net
1454,gamewith.jp
1464,property24.com
1472,mat6tube.com
1474,fantia.jp
1482,simpcity.su
1483,cityheaven.net
1488,rakuten-sec.co.jp
1493,amagi.tv
1502,zozo.jp
1504,programme-tv.net
1509,lausd.net
1511,mechacomic.jp
1515,tarafdari.com
1516,ifilo.net
1523,saednews.com
1535,nintendo.com
1537,69shuba.cx
1540,livehindustan.com
1541,aajtak.in
1542,daily.co.jp
1543,nps.gov
1547,superhosting.bg
1548,deezer.com
1550,carwale.com
1554,hochi.news
1555,typekit.com
1556,joyclub.de
1560,livescore.in
1562,cedexis-test.com
1563,nicovideo.jp
1566,fabswingers.com
1567,trellix.com
1573,www.gob.mx
1574,netkeiba.com
1579,imgsrc.ru
1586,kakuyomu.jp
1588,xxxvideo.link
1589,sports.kz
1590,bikewale.com
1593,fitbit.com
1604,onelink.me
1610,xpaja.net
1622,one.com
1624,ecnavi.jp
1627,confirmtkt.com
1630,aljazeera.com
1631,sexemodel.com
1632,geocities.com
1635,promiedos.com.ar
1639,flashscore.com.br
1642,fabguys.com
1650,grapee.jp
1651,wapbold.net
1652,nosv.org
1659,salonboard.com
1661,xxx18hot.com
1662,cam.ac.uk
1677,jra.jp
1685,pmkisan.gov.in
1687,girlschannel.net
1692,g.co
1696,craigslist.org
1697,geny.com
1698,dto.jp
1699,enabiz.gov.tr
1700,sarkariresult.com
1706,flashscore.fr
1707,boatrace.jp
1734,mega.nz
1748,staseraintv.com
1750,funinexchange.com
1754,com.se
1755,playinexch.com
1758,nic.io
1762,hpeprint.com
1764,connatix.com
1769,docker.io
1774,jetbrains.com
1777,sun.com
1778,ftc.gov
1783,tripod.com
1785,google.com.au
1793,apple-cloudkit.com
1803,acronis.com
1805,truste.com
1809,tesla.com
1812,figma.com
1814,centrastage.net
1816,chip.de
1817,iponweb.net
1820,medallia.com
1821,app.link
1823,threads.net
1825,mirror.co.uk
1826,wiktionary.org
1827,eff.org
1830,bbb.org
1833,qwest.net
1835,hath.network
1836,splashtop.com
1837,cmu.edu
1838,trueconf.net
1839,arstechnica.com
1840,goguardian.com
1843,iana.org
1846,www.nhs.uk
1851,kompas.com
1853,jwpltx.com
1856,adswizz.com
1859,fedoraproject.org
1860,americanexpress.com
1863,politico.com
1867,lequipe.fr
1870,aka.ms
1874,science.org
1878,jhu.edu
1879,feedburner.com
1880,engadget.com
1882,inbake.com
1883,ctmail.com
1885,here.com
1886,canada.ca
1887,symantec.com
1892,google.co.id
1893,photobucket.com
1897,e-volution.ai
1898,nba.com
1902,keplr.app
1903,mparticle.com
1904,kernel.org
1906,si.edu
1907,letsencrypt.org
1910,dnaindia.com
1911,admanmedia.com
1914,websitewelcome.com
1915,techtarget.com
1916,uchicago.edu
1917,mfadsrvr.com
1918,evergage.com
1919,expressen.se
1920,sendbird.com
1921,adobelogin.com
1922,cornelsen.de
1924,siemens.com
1927,mediago.io
1928,postgresql.org
1929,usgs.gov
1930,script.ac
1931,google.nl
1934,privacymanager.io
1942,dondominio.com
1944,segment.com
1945,wunderground.com
1946,euronews.com
1947,house.gov
1950,elcorteingles.es
1951,crazyegg.com
1952,sakura.ne.jp
1953,vkplay.ru
1957,wetransfer.com
1961,nubank.com.br
1963,verkada.com
1964,vietnamnet.vn
1965,afternic.com
1968,hhs.gov
1969,tealiumiq.com
1971,waze.com
1978,globenewswire.com
1980,vidoomy.com
1985,netlify.app
1989,parklogic.com
1991,kbz0pwvxmv.com
1992,loopme.me
1995,screenconnect.com
1997,uk.com
2001,ampproject.net
2003,abplive.com
2009,emxdgt.com
2012,glance.net
2014,stumbleupon.com
2017,gda.pl
2019,ufl.edu
2022,plex.tv
2023,spectrum.com
2024,midilibre.fr
2025,sensic.net
2026,weborama.fr
2031,funnyjunk.com
2036,amd.com
2037,mookie1.com
2040,spaceweb.ru
2042,amarujala.com
2044,capcut.com
2049,poringa.net
2050,adentifi.com
2051,kurir.rs
2053,logitech.com
2054,tori.fi
2055,navitime.co.jp
2057,nyu.edu
2058,bt.dk
2059,tenable.com
2062,akamai.com
2064,amazonaws.com.cn
2065,ucsd.edu
2066,unicef.org
2067,lindependant.fr
2068,ddnss.de
2070,senate.gov
2072,tynt.com
2074,yotpo.com
2077,armgs.team
2079,evotor.ru
2080,ppomppu.co.kr
2084,collegeboard.org
2088,eyeota.net
2092,egnyte.com
2097,sec.gov
2099,sport.pl
2101,arizona.edu
2103,tokyo-sports.co.jp
2105,lxtgame.com
2106,mamastar.jp
2110,ooppgame.com
2112,express.co.uk
2113,odoo.com
2114,asana.com
2119,eu.org
2121,transfermarkt.com.tr
2123,m.me
2125,truecaller.com
2128,tenor.com
2129,tvinteractive.tv
2133,intercom.com
2138,lego.com
2144,purdue.edu
2147,bebesong.com
2148,sectigo.com
2151,mercadolibre.com
2152,drift.com
2154,smadex.com
2155,bizjournals.com
2158,ssrn.com
2161,overwolf.com
2162,dmdiao.com
2163,yahoo.net
2169,avito.st
2173,miro.com
2174,indiegogo.com
2175,snapkit.com
2176,themoviedb.org
2179,jino.ru
2180,playrix.com
2183,uisp.com
2184,clevertap-prod.com
2186,ukrpack.net
2190,ihg.com
2192,adtelligent.com
2194,dhs.gov
2196,accenture.com
2200,nextdoor.com
2207,4wps.net
2208,bfmio.com
2212,revcontent.com
2214,slackb.com
2217,oculus.com
2218,cootlogix.com
2219,ny.gov
2221,axios.com
2223,pndsn.com
2227,doubleclick.com
2229,ravm.tv
2235,nejm.org
2244,bybit.com
2246,howstuffworks.com
2247,broadcom.com
2248,yako.red
2249,peacocktv.com
2250,iterable.com
2251,cedexis.com
2276,stbid.ru
2284,rosintel.com
2285,site.com
2286,prezi.com
2291,acrobat.com
2292,gallup.com
2295,lge.com
2296,fidelity.com
2299,usa.gov
2302,lastpass.com
2303,lg.co.kr
2304,wellsfargo.com
2306,tapjoy.com
2308,onenote.com
2311,illinois.edu
2312,heapanalytics.com
2315,permutive.com
2317,thetimes.co.uk
2318,watchguard.com
2319,mitre.org
2320,max.com
2322,samba.tv
2327,medlineplus.gov
2330,fwmrm.net
2331,ssl.com
2333,joinhoney.com
2336,today.com
2337,tvsquared.com
2338,flurry.com
2340,java.com
2343,webpkgcache.com
2344,freebsd.org
2345,umd.edu
2347,espncdn.com
2353,seedtag.com
2355,energy.gov
2358,adition.com
2362,netscape.com
2367,usertrust.com
2368,strava.com
2370,secu100.net
2373,welt.de
2375,cbr.ru
2377,urbanairship.com
2379,palmplaystore.com
2381,itu.int
2382,instacart.com
2384,weather.gov
2393,senderscore.com
2394,khanacademy.org
2396,sprinklr.com
2398,progressive.com
2404,rkdms.com
2406,archives.gov
2408,adingo.jp
2410,ogury.io
2411,itv.com
2412,ucoz.ru
2413,xerox.com
2414,unity.com
2416,flipboard.com
2417,ubc.ca
2418,ad-score.com
2419,semanticscholar.org
2420,huntress.io
2425,semrush.com
2426,smithsonianmag.com
2427,e-planning.net
2428,istockphoto.com
2430,webempresa.eu
2431,bounceexchange.com
2432,translate.goog
2438,app-analytics-services-att.com
2445,google.be
2446,sony.com
2449,google.at
2453,google.co.th
2454,im-apps.net
2457,hyatt.com
2458,smi2.ru
2461,itch.io
2462,infocyte.com
2466,dynamicyield.com
2468,disney.com
2469,grafana.com
2470,gotinder.com
2471,bing.net
2472,sonicwall.com
2475,messenger.com
2476,citrix.com
2477,altervista.org
2478,inleed.net
2484,hatena.ne.jp
2485,google.com.tw
2489,pippio.com
2490,nexon.com
2492,openssl.org
2494,aptrinsic.com
2498,northwestern.edu
2500,tamu.edu
2502,ford.com
2504,digitaltarget.ru
2509,rainberrytv.com
2511,imf.org
2512,web.dev
2515,ubisoft.com
2521,arin.net
2523,appnext.com
2525,sascdn.com
2528,staples.com
2530,adscale.de
2534,last.fm
2541,thomsonreuters.com
2542,enable-javascript.com
2546,classdojo.com
2547,blog.google
2549,ti.com
2551,ipinfo.io
2554,evidon.com
2557,google.se
2563,windy.com
2565,ltwebstatic.com
2569,ucl.ac.uk
2575,feednews.com
2576,apachefriends.org
2578,imageshack.us
2583,elastic.co
2585,united.com
2588,tmz.com
2589,urldefense.com
2591,foodnetwork.com
2593,samsungads.com
2594,ecwid.com
2595,csdn.net
2600,narod.ru
2602,privacyshield.gov
2606,kde.org
2611,urban-vpn.com
2612,samsclub.com
2613,unimelb.edu.au
2620,itau.com.br
2621,web.de
2622,1password.com
2623,fanduel.com
2624,versawebcloud.net
2625,lenovo.com.cn
2628,rustore.ru
2629,safety.google
2630,discovery.com
2633,uribl.com
2635,serverdata.net
2640,zynga.com
2641,rezync.com
2645,swrve.com
2646,klarna.com
2647,constellix.com
2648,google.cz
2649,usercentrics.eu
2650,virginia.edu
2651,callofduty.com
2653,parallels.com
2654,hinet.net
2659,nasdaq.com
2663,voanews.com
2664,bittorrent.com
2665,gettyimages.com
2674,wixdns.net
2675,google.com.ar
2678,fcc.gov
2682,indianexpress.com
2687,google.gr
2688,google.com.vn
2690,arcticwolf.net
2691,brightspace.com
2694,meta.com
2696,bitnami.com
2700,google.pt
2706,spb.ru
2713,gutenberg.org
2714,zeit.de
2717,foxbusiness.com
2718,google.us
2719,unrealengine.com
2720,mhverifier.ru
2725,rockstargames.com
2727,salesforce-sites.com
2728,mycdn.me
2729,pochta.ru
2735,google.hu
2736,blogspot.co.uk
2741,google.co.kr
2742,google.ch
2746,msnbc.com
2747,flaticon.com
2748,nessus.org
2749,google.ro
2750,aftonbladet.se
2751,iotcplatform.com
2752,knt9.xyz
2754,hoster.ru
2755,tizen.org
2756,your-server.de
2760,thrtle.com
2762,larkplayerapp.com
2763,yastatic.net
2764,freshdesk.com
2770,okx.com
2772,buzzoola.com
2773,france24.com
2774,tableau.com
2775,angelfire.com
2777,cdn.house
2778,icndns.net
2779,google.com.co
2781,osu.edu
2782,urbandictionary.com
2786,tubecup.net
2788,reasonsecurity.com
2793,coe.int
2796,huggingface.co
2799,samplicio.us
2803,google.cl
2804,gmx.net
2805,nsw.gov.au
2807,kochava.com
2810,dv.tech
2816,rottentomatoes.com
2820,dnsimple.com
2824,ning.com
2826,pushwoosh.com
2827,resume.com
2831,kpmg.com
2833,dalyfeds.com
2835,consumerreports.org
2837,stripe.network
2838,aa.com
2840,hootsuite.com
2842,msftstatic.com
2843,mystrikingly.com
2846,trafficjunky.net
2847,tubitv.com
2854,utah.edu
2855,undp.org
2858,sl.pt
2859,panasonic.com
2861,skimresources.com
2863,duosecurity.com
2864,carfax.com
2869,pubnub.com
2871,sonos.com
2874,mapquest.com
2877,ilo.org
2878,hubhc.com
2879,xero.com
2882,clickagy.com
2883,google.com.ua
2885,ispot.tv
2886,vivint.ai
2888,comodoca.com
2889,google.com.pe
2891,axis.com
2892,sketchfab.com
2893,philips.com
2897,asahi.com
2908,sas.com
2909,ethz.ch
2912,transmissionapp.com
2922,imgix.net
2923,webflow.com
2924,nyc.gov
2925,hotels.com
2927,arkoselabs.com
2928,syncthing.net
2929,mpg.de
2931,hover.com
2933,chegg.com
2935,clean.gg
2940,xe.com
2949,bitrix.info
2952,wikidot.com
2954,aol.co.uk
2955,tidal.com
2957,ycombinator.com
2965,afrinic.net
2966,keydisk.ru
2968,us.com
2969,mheducation.com
2970,salon.com
2971,kinopoisk.ru
2975,clickup.com
2976,ed.ac.uk
2977,boredpanda.com
2983,orange.fr
2984,pp.ru
2985,libbyshelf.com
2986,glance-cdn.com
2987,brightcloud.com
2988,nokia.com
2991,ncsu.edu
2992,activision.com
2993,vrbo.com
2994,zeasn.tv
2995,walgreens.com
2997,jhkkjkj.com
3000,fortinet.com
3002,comodo.com
3005,mobilefuse.com
3010,cvs.com
3011,dmoz.org
3013,texas.gov
3017,stat-rock.com
3023,vrt.be
3027,icq.com
3029,thestar.com
3031,faqs.org
3034,gog.com
3036,usembassy.gov
3037,syndicatedsearch.goog
3038,dish.com
3039,wikisource.org
3040,spamcop.net
3044,flic.kr
3046,shutterfly.com
3048,heise.de
3053,square.site
3054,paa-reporting-advertising.amazon
3055,ohchr.org
3057,workday.com
3058,esportesdasorte.com
3059,toasttab.com
3060,gastecnologia.com.br
3062,ebay.it
3064,ezoicns.com
3066,wufoo.com
3068,freshchat.com
3071,userway.org
3073,airtable.com
3074,ctvnews.ca
3076,greenpeace.org
3081,mcdonalds.com
3082,stuff.co.nz
3087,google.com.sg
3088,wetter.com
3089,eu.com
3090,thefreedictionary.com
3097,ovhcloud.com
3098,ns1p.net
3099,jpush.cn
3100,home.pl
3103,eventbrite.co.uk
3106,uplynk.com
3107,coca-cola.com
3109,ml314.com
3112,haxx.se
3113,dns.pt
3114,jpost.com
3116,hopkinsmedicine.org
3120,outlookindia.com
3121,alltrails.com
3123,livemint.com
3125,bbci.co.uk
3127,thousandeyes.com
3132,alltel24.ru
3133,ccc.de
3137,digistorm.com
3138,adlightning.com
3141,zdf.de
3143,yumpu.com
3147,zuimeitianqi.com
3148,intercomcdn.com
3151,videolan.org
3158,knowbe4.com
3161,google.dk
3162,zalando.de
3165,tesco.com
3170,google.co.za
3171,bigpond.com
3174,timeout.com
3180,lonelyplanet.com
3182,cern.ch
3185,qnap.com
3187,onaudience.com
3188,vt.edu
3189,focus.de
3195,credit-agricole.fr
3200,izatcloud.net
3202,business-standard.com
3205,google.fi
3206,uscis.gov
3209,zapier.com
3211,splunkcloud.com
3213,qualys.com
3218,indiana.edu
3219,su89-cdn.net
3220,asos.com
3222,google.co.il
3224,bspb.ru
3227,google.co.nz
3228,db.com
3230,aviasales.ru
3233,micpn.com
3236,loom.com
3237,ekatox.com
3238,storygize.net
3239,splunk.com
3240,uniqlo.com
3241,page.link
3242,costco.com
3243,wipo.int
3244,keenetic.pro
3245,gap.com
3246,hawaii.edu
3252,google.ie
3254,zara.com
3259,shopifycloud.com
3262,novell.com
3264,pitt.edu
3270,grindr.com
3271,infojobs.net
3272,sba.gov
3280,lavanguardia.com
3286,williamhill.com
3287,virginmedia.com
3289,nalog.ru
3290,sueddeutsche.de
3292,ps.kz
3296,parastorage.com
3297,webflow.io
3299,msi.com
3300,smugmug.com
3303,redbull.com
3306,centos.org
3311,cygwin.com
3316,proton.me
3319,abc.es
3322,cvent.com
3323,santander.com.br
3325,google.com.my
3326,paramountplus.com
3330,clicktale.net
3331,aylanetworks.com
3333,adotmob.com
3334,samsara.com
3335,createjs.com
3336,auctollo.com
3338,ovh.com
3339,ow.ly
3341,seattletimes.com
3344,500px.com
3347,wps.cn
3349,aj1907.online
3354,esa.int
3356,ifood.com.br
3358,univie.ac.at
3360,google.bg
3362,celtra.com
3366,facemojikeyboard.com
3368,unl.edu
3369,rsc.org
3372,browsiprod.com
3374,mintegral.net
3375,dbs.com
3378,toyota.com
3384,sfu.ca
3391,google.sk
3392,ubereats.com
3393,eurekalert.org
3394,google.com.pk
3395,jagran.com
3397,cia.gov
3398,pushy.io
3405,apnic.net
3410,google.com.eg
3412,caltech.edu
3417,gameloft.com
3418,tele2.ru
3419,sephora.com
3423,snopes.com
3424,breitbart.com
3425,zearn.org
3429,fema.gov
3433,sinsay.com
3435,meb.gov.tr
3439,olx.ua
3440,google.hr
3441,cengage.com
3442,code.org
3444,metamask.io
3448,uscourts.gov
3451,google.no
3452,mmc.com
3454,legacy.com
3456,iqm.com
3459,google.com.ph
3460,myvzw.com
3463,king.com
3467,qualcomm.com
3468,foxsports.com
3469,system-monitor.com
3472,google.com.sa
3474,ndmais.com.br
3475,note.com
3476,fisglobal.com
3477,unep.org
3481,nerdwallet.com
3482,hyprmx.com
3483,jampp.com
3484,localytics.com
3490,ohmy.bid
3491,gatech.edu
3492,samsunghealth.com
3494,rochester.edu
3507,pghub.io
3509,study.com
3512,nianticlabs.com
3513,taktube.net
3514,4.cn
3515,robinhood.com
3519,azet.sk
3521,macomnet.ru
3522,pokemon.com
3525,rfi.fr
3526,revenuecat.com
3527,ustream.tv
3528,shahrekhabar.com
3531,sproutsocial.com
3532,rusprofile.ru
3534,avg.com
3535,traveloka.com
3541,aljazeera.net
3542,snapcraft.io
3545,umass.edu
3546,seek.com.au
3550,uiowa.edu
3552,drugs.com
3553,yle.fi
3555,gendai.media
3559,hola.org
3561,myanimelist.net
3564,ultradns.net
3569,sprig.com
3576,conn3ct.space
3577,2gis.ru
3578,ag.gov.au
3579,aptoide.com
3581,spectrum.net
3582,oath.com
3583,dominos.com
3587,archdaily.com
3593,mcusercontent.com
3594,guard.io
3596,shawcable.net
3597,dmcdn.net
3599,poshmark.com
3600,channel4.com
3601,ndmsystems.com
3605,brown.edu
3609,garant.ru
3612,felenasoft.com
3613,infomaniak.com
3617,openxcdn.net
3618,iu.edu
3625,rei.com
3627,proof-dns.com
3630,prreqcroab.icu
3635,sportradarserving.com
3637,indiatoday.in
3638,uidapi.com
3645,exacttarget.com
3651,tapclap.com
3653,theknot.com
3654,edx.org
3659,bbva.com
3666,liberation.fr
3668,porkbun.com
3669,optimove.net
3671,loopia.se
3676,justia.com
3678,wikibooks.org
3679,vanderbilt.edu
3684,distmed.com
3686,merchantlink.com
3694,statsigapi.net
3695,openldap.org
3696,net.ru
3697,technorail.com
3698,saasexch.com
3699,studentaid.gov
3702,orf.at
3706,threatlocker.com
3708,defense.gov
3709,moovitapp.com
3711,iowa.gov
3712,channelnewsasia.com
3715,hetzner.com
3718,smartclip.net
3719,google.ae
3721,instana.io
3723,tvtropes.org
3724,tabletcaptiveportal.com
3727,michaels.com
3728,usaa.com
3730,kbb.com
3734,js7k.com
3735,aviasales.com
3737,straitstimes.com
3738,ucoz.net
3740,service-public.fr
3741,arduino.cc
3742,realestate.com.au
3743,uga.edu
3744,nbc.com
3746,ansa.it
3747,google.rs
3751,ap.org
3753,barrons.com
3754,aircanada.com
3756,imageshack.com
3761,skyrock.net
3763,my.games
3765,leagueoflegends.com
3767,globalcdn.co
3768,cookieyes.com
3770,yutex.ru
3772,monday.com
3776,spreaker.com
3777,justgiving.com
3778,clinicaltrials.gov
3784,stabletransit.com
3785,virginia.gov
3786,cquotient.com
3788,alexa.com
3789,aeroflot.ru
3790,pushnami.com
3791,certum.pl
3796,dailyinnovation.biz
3797,gm.com
3798,oregonstate.edu
3799,eloqua.com
3800,charter.com
3802,coindesk.com
3803,ciscospark.com
3805,lnk.to
3806,siteground.biz
3816,ucsf.edu
3818,immersivelabs.online
3822,backblazeb2.com
3824,bedbathandbeyond.com
3825,rttv.ru
3826,sjtu.edu.cn
3828,uninet.net.mx
3831,ndr.de
3841,wandera.com
3843,romarg.com
3845,livedns.co.uk
3846,miamiherald.com
3848,infogram.com
3851,lua.org
3857,vmailru.net
3861,reverso.net
3862,federalregister.gov
3865,businessweek.com
3868,nj.com
3869,draftkings.com
3870,eskimi.com
3871,google.by
3872,google.kz
3875,howtogeek.com
3876,pchome.com.tw
3877,mindbodyonline.com
3879,bstatic.com
3884,shazam.com
3885,googleoptimize.com
3886,ulta.com
3887,google.lv
3888,lycos.com
3889,mac.com
3891,rtmark.net
3892,com.ru
3893,pub.network
3895,pearson.com
3896,grammarly.net
3902,cdnwidget.com
3905,flipsnack.com
3906,dickssportinggoods.com
3912,opentable.com
3913,lululemon.com
3914,histats.com
3917,qvdt3feo.com
3919,scarabresearch.com
3920,google.co.ve
3921,cms.gov
3922,dynamic-dns.net
3923,ladsp.com
3924,lastline.com
3925,gaijin.net
3926,mediawiki.org
3927,nos.nl
3929,teacherspayteachers.com
3931,washingtontimes.com
3932,google.co.cr
3934,bb.com.br
3935,lfstrm.tv
3936,openweathermap.org
3938,mulesoft.com
3945,google.si
3947,udel.edu
3948,matomo.org
3949,brand-display.com
3951,google.lt
3952,reolink.com
3954,elster.de
3959,phpbb.com
3962,google.com.ec
3965,unfccc.int
3968,vapp-servers.com
3969,colostate.edu
3971,expressapisv2.net
3977,wallpapers.com
3979,visualwebsiteoptimizer.com
3987,trulia.com
3988,groupon.com
3999,google.ee
4000,dotmetrics.net
4004,newsbreak.com
4008,bell-labs.com
4009,google.com.gt
4011,google.com.uy
4013,google.com.do
4016,voximplant.com
4017,hoyolab.com
4020,sliide.cloud
4021,jcpenney.com
4025,dallasnews.com
4027,travelaudience.com
4029,ardmediathek.de
4030,a47b.com
4032,binance.info
4034,virustotal.com
4043,google.com.bd
4046,next.co.uk
4048,google.ba
4049,bsky.app
4052,zenon.net
4054,fsu.edu
4058,ihc.ru
4063,rr.com
4064,bustle.com
4069,smallpdf.com
4074,google.com.pr
4075,hudl.com
4080,alarabiya.net
4081,hubpages.com
4082,siteforce.com
4086,elespanol.com
4088,eonline.com
4089,iptv2022.com
4091,google.lk
4094,wordreference.com
4096,google.com.ng
4097,metoffice.gov.uk
4100,local.box
4102,fraunhofer.de
4104,sprint.com
4106,iinet.net.au
4107,google.com.sv
4108,librus.pl
4109,google.dz
4112,dreamstime.com
4113,morningstar.com
4116,economictimes.com
4117,mercedes-benz.com
4119,google.com.np
4121,aetna.com
4122,litres.ru
4123,churchofjesuschrist.org
4126,chrome.com
4130,google.co.uz
4132,blogspot.de
4133,contentstack.io
4134,google.com.py
4135,fox.com
4136,legislation.gov.uk
4137,surbl.org
4138,usabilla.com
4139,menlosecurity.com
4140,google.co.ma
4141,google.jo
4142,razorpay.com
4144,similarweb.com
4145,nrk.no
4146,mynavi.jp
4147,startribune.com
4150,fortnite.com
4151,compass.com
4153,reverbnation.com
4156,ndm9.xyz
4157,aif.ru
4159,google.ge
4160,anu.edu.au
4161,thestar.com.my
4162,surriel.com
4165,mainichi.jp
4166,hgtv.com
4168,index.hu
4169,on.net
4173,jwpsrv.com
4174,google.com.bo
4175,entelchile.net
4180,acer.com
4183,dmm.com
4188,convertkit.com
4191,google.co.ke
4193,abb.com
4194,openoffice.org
4196,rediff.com
4200,monash.edu
4202,ama-assn.org
4203,tapjoyads.com
4204,freedesktop.org
4206,eurodns.com
4207,edmunds.com
4208,gamestop.com
4209,manchestereveningnews.co.uk
4211,google.ci
4212,peatix.com
4213,lpsnmedia.net
4214,ct.gov
4215,mintegral.com
4217,google.iq
4219,google.as
4223,google.lu
4224,coveo.com
4225,premierleague.com
4233,moloco.com
4235,ensighten.com
4236,apple.co
4237,everydayhealth.com
4239,google.sc
4242,google.bs
4243,chosun.com
4247,google.com.pa
4253,adfox.ru
4254,wondershare.com
4256,byu.edu
4257,google.az
4258,ualberta.ca
4259,campaign-archive.com
4261,adsensecustomsearchads.com
4262,farfetch.com
4265,tilda.ws
4266,mediarithmics.com
4267,google.co.bw
4269,estadao.com.br
4270,mariadb.org
4271,google.com.ly
4272,google.com.om
4277,pardot.com
4279,google.am
4280,abbott.com
4283,blogspot.ca
4288,google.com.kh
4290,tildacdn.com
4294,google.com.qa
4296,google.ad
4297,mywot.com
4298,thomsonreuters.net
4299,sketchup.com
4300,wordfence.com
4301,csmonitor.com
4302,google.com.cu
4305,lastampa.it
4306,e-recht24.de
4307,searchenginejournal.com
4308,spaggiari.eu
4309,betterhelp.com
4312,google.com.na
4313,realme.com
4315,google.com.ag
4318,google.hn
4319,google.md
4321,google.kg
4322,made-in-china.com
4324,google.com.jm
4326,rtl.de
4327,google.com.ai
4328,org.ru
4330,rudderlabs.com
4331,google.com.ni
4332,pscp.tv
4333,raiffeisen.ru
4336,google.cm
4337,awin1.com
4339,softpedia.com
4340,hotstar.com
4344,google.com.kw
4347,domru.ru
4350,squid-cache.org
4351,thetimes.com
4352,nbcsports.com
4354,nsf.gov
4356,gazeta.pl
4359,google.mu
4360,playtika.com
4364,rustdesk.com
4365,google.cd
4366,google.co.ao
4368,collider.com
4369,fireoscaptiveportal.com
4370,nationalarchives.gov.uk
4374,chewy.com
4379,ghostery.com
4380,infomaniak.ch
4381,boeing.com
4385,marksandspencer.com
4390,google.com.bh
4391,google.com.gh
4392,ivideon.com
4395,insurads.com
4396,imghst-de.com
4400,uic.edu
4403,cnil.fr
4404,mercari.com
4406,nationalacademies.org
4407,tradedoubler.com
4408,razerzone.com
4409,emarketer.com
4413,srv53.com
4415,google.sn
4418,propublica.org
4419,tractorsupply.com
4421,google.com.bz
4423,ibtimes.com
4424,cdn4image.com
4426,skyscanner.net
4428,tk0x1.com
4430,wb.com
4431,google.co.tz
4438,cisa.gov
4442,hud.gov
4443,lexisnexis.com
4444,tappx.com
4445,eia.gov
4447,google.tt
4448,google.ws
4450,gigaset-elements.com
4451,securly.com
4453,google.vg
4455,todoist.com
4457,guardingvision.com
4458,20minutes.fr
4459,xiaoyi.com
4462,google.com.mm
4463,hubble.in
4464,google.al
4465,torproject.org
4467,biglobe.ne.jp
4468,pdffiller.com
4469,kroger.com
4470,in.gov
4474,cnrs.fr
4477,verizonwireless.com
4478,purl.org
4479,google.com.af
4480,br.de
4482,shrm.org
4484,ajax.systems
4485,prodregistryv2.org
4486,newgrounds.com
4487,boutell.co.uk
4489,formula1.com
4490,britishcouncil.org
4491,google.com.cy
4493,zlib.net
4496,scoop.it
4497,google.tm
4502,boutell.com
4503,abc.com
4504,platformaofd.ru
4508,virtua.com.br
4509,nd.edu
4510,mtv.com
4519,ventraip.net.au
4526,superbet.com
4529,google.gp
4532,zohopublic.com
4533,fnac.com
4536,wired.co.uk
4537,makeuseof.com
4538,sardine.ai
4539,blueconic.net
4540,t0x.net
4541,mass.gov
4543,tcgplayer.com
4546,ors.at
4548,europapress.es
4553,siemens.de
4556,thinkwithgoogle.com
4558,pch.com
4559,td.com
4563,worldtimeserver.com
4566,so-net.ne.jp
4568,fin.ag
4569,vorsfelde-live.de
4574,cars.com
4577,google.com.pg
4580,eldiario.es
4581,microfocus.com
4582,boardgamegeek.com
4583,svt.se
4584,petfinder.com
4588,hismarttv.com
4590,smashingmagazine.com
4591,freshworks.com
4592,ge.com
4596,survicate.com
4597,desmos.com
4600,angi.com
4602,wampserver.com
4605,nationalpost.com
4608,trvdp.com
4609,consentmanager.net
4611,uq.edu.au
4620,rzd.ru
4621,blackspider.com
4622,pbase.com
4623,iqzone.com
4624,eclipse.org
4626,uservoice.com
4629,cricketwireless.com
4630,vidio.com
4633,gdms.cloud
4638,immobilienscout24.de
4639,mobilityware.com
4642,operacdn.com
4643,samsungmax.com
4645,nespresso.com
4647,adyen.com
4649,theplatform.com
4650,googlemail.com
4658,google.tn
4660,planethoster.net
4664,cymru.com
4667,google.com.lb
4668,smule.com
4669,tenor.co
4672,eufylife.com
4676,quantcast.com
4678,snapfish.com
4679,yandex.by
4681,groupme.com
4682,mca.gov.in
4684,wolt.com
4686,kandji.io
4688,cylance.com
4690,ctrip.com
4692,transip.nl
4694,samsungdive.com
4698,acint.net
4704,onrender.com
4706,ada.support
4708,qvc.com
4709,deccanherald.com
4713,google.co.mz
4714,sendpulse.com
4715,lever.co
4717,dhgate.com
4718,sndcdn.com
4722,tradingeconomics.com
4723,libpng.org
4724,sharechat.com
4728,onefootball.com
4733,inss.gov.br
4735,scholastic.com
4736,adspower.net
4738,pb.com
4739,google.com.mt
4742,withbuddies.com
4743,acast.com
4748,usp.br
4749,merchant-center-analytics.goog
4756,opera-mini.net
4757,michigan.gov
4760,google.dm
4761,justwatch.com
4762,ajc.com
4765,castbox.fm
4769,hatenablog.com
4771,google.cg
4772,ohio.gov
4775,cnr.it
4780,mediaset.it
4782,google.co.ck
4783,disney.co.jp
4784,casio.com
4788,global-e.com
4790,gmu.edu
4792,discoveryplus.com
4793,mlive.com
4795,infoseek.co.jp
4796,infobip.com
4798,tacobell.com
4801,magento.com
4804,quad9.net
4805,trafficjunky.com
4806,lyft.com
4808,google.co.zm
4811,sprinthost.net
4812,wetteronline.de
4813,websupport.sk
4814,16clouds.com
4817,fmb.la
4818,razer.com
4819,mercadopago.com.br
4821,google.ps
4822,manchester.ac.uk
4831,nuance.com
4832,statsig.com
4833,imperial.ac.uk
4834,365scores.com
4837,msdmanuals.com
4840,pcre.org
4843,diigo.com
4844,iso.ch
4845,utdallas.edu
4847,c212.net
4849,mercadopago.com
4853,uberinternal.com
4856,businesstoday.in
4861,srf.ch
4863,apachelounge.com
4872,lepoint.fr
4873,pingone.com
4874,20min.ch
4875,webengage.com
4877,vonage.com
4882,formstack.com
4890,mentalfloss.com
4893,turbosquid.com
4895,sicredi.com.br
4898,google.bf
4902,goooooooooooooooooooooooooooooooooooooooooooooooooooooooooogle.com
4904,mydlink.com
4912,simply.com
4914,sanofi-synthelabo.com
4915,americanbar.org
4916,veeam.com
4918,gzip.org
4919,bradesco.com.br
4920,emirates.com
4923,we.tl
4924,google.com.bn
4926,homes.com
4927,youversionapi.com
4930,google.mk
4931,google.tk
4932,widgetable.net
4933,dr.dk
4937,yr.no
4941,krushmedia.com
4945,google.la
4950,stitcher.com
4952,overleaf.com
4961,nicehash.com
4962,pbskids.org
4963,viglink.com
4964,arte.tv
4966,eluniversal.com.mx
4968,carnival.com
4969,oregonlive.com
4971,r01.ru
4973,inquirer.com
4975,virtualbox.org
4980,google.co.ug
4983,demonware.net
4987,newsmax.com
4989,ksmobile.com
4991,etahub.com
4993,kingsgroupgames.com
4995,google.co.ls
5002,ana.co.jp
5004,dnb.com
5005,uky.edu
5006,chime.aws
5008,tmdb.org
5009,yandex-team.ru
5010,plala.or.jp
5012,zotero.org
5018,hardened-php.net
5019,tiny.cc
5021,wikiquote.org
5024,kahoot.com
5026,google.com.et
5027,walmart.ca
5028,nhtsa.gov
5029,psychcentral.com
5030,alamy.com
5032,xmlsoft.org
5037,globalsign.net
5038,radiofrance.fr
5039,kijiji.ca
5042,entergy.com
5044,narvar.com
5049,thetrainline.com
5050,megapbx.ru
5051,doubtnut.com
5058,creative-serving.com
5060,uu.nl
5061,roche.com
5062,swiggy.com
5063,shorttv.live
5064,teachable.com
5066,browserstack.com
5067,ghostery.net
5068,blogspot.com.es
5070,cbr.com
5074,tpbid.com
5078,spribegaming.com
5080,wsoversea.com
5081,biblehub.com
5083,buffalo.edu
5088,odnoklassniki.ru
5089,emory.edu
5090,3m.com
5092,francebleu.fr
5099,netlify.com
5100,royalcaribbean.com
5101,financialexpress.com
5102,lapresse.ca
5103,correios.com.br
5104,op.gg
5109,smooch.io
5110,swannsecurity.com
5112,gamerant.com
5114,bouncex.net
5115,lookmovie2.to
5120,apptimize.com
5121,clicktripz.com
5123,lesechos.fr
5126,megaphone.fm
5128,real.com
5131,fotor.com
5132,timesnownews.com
5133,directnic.com
5135,spartoo.com
5138,nationalgeographic.org
5139,officedepot.com
5140,eleconomista.es
5142,cbs.com
5144,onlamp.com
5148,ihk.de
5150,casasbahia.com.br
5155,military.com
5156,tp-staging.com
5163,rit.edu
5167,getpostman.com
5168,proxmox.com
5169,uh.edu
5170,degruyter.com
5171,freemyip.com
5172,test.com
5176,kucoin.com
5179,siue.edu
5180,google.is
5183,canon.com
5184,securedvisit.com
5185,arcpublishing.com
5186,blick.ch
5189,ons.gov.uk
5191,webdav.org
5192,guinnessworldrecords.com
5196,gs.com
5199,fas.org
5200,allianz.com
5201,asuscomm.com
5204,zscaler.com
5205,usercontent.goog
5206,mathway.com
5210,lsu.edu
5211,google.to
5212,enlightenment.org
5215,johnlewis.com
5218,amazonsilk.com
5222,cadenaser.com
5223,bidvol.com
5225,superawesome.tv
5226,appdynamics.com
5227,heroku.com
5228,dhl.de
5229,codedish.co
5230,wunderkind.co
5231,aap.org
5232,carriersignal.info
5234,ucsc.edu
5236,lsfilter.com
5242,spanishdict.com
5243,newegg.com
5245,dotvndns.vn
5249,zerohedge.com
5250,dome9.com
5252,fastcgi.com
5254,appfolio.com
5256,advertising.com
5257,bitmoji.com
5258,uconn.edu
5260,sex.com
5263,so-gr3ate.com
5264,r7.com
5267,wnt-some-push.net
5269,f5silverline.com
5275,aihelp.net
5282,jwplatform.com
5283,ifconfig.me
5286,france.tv
5295,apartments.com
5296,unicode.org
5299,7-zip.org
5301,edoms.biz
5304,gopro.com
5306,linewize.net
5309,biorxiv.org
5310,vidyard.com
5311,swypeconnect.com
5315,pravda.com.ua
5316,hotmart.com
5317,aj2555.bid
5321,honda.com
5325,ladbrokes.com
5329,emulab.net
5330,easports.com
5332,mihanwebhost.com
5333,myworkdayjobs.com
5338,blogspot.fr
5340,trkn.us
5342,skynet.be
5345,ngrok.io
5348,cleanbrowsing.org
5349,corel.com
5350,k8s.io
5352,alcmpn.com
5353,birminghammail.co.uk
5360,dailykos.com
5361,krone.at
5362,counterpane.com
5364,citigroup.com
5366,webnovel.com
5367,bluestacks.com
5368,rand.org
5372,amazonses.com
5373,pixlr.com
5374,servidoresdns.net
5383,klook.com
5387,sleepycat.com
5392,ijg.org
5395,fotocasa.es
5396,hostia.name
5405,uadns.com
5406,repocket.com
5407,warwick.ac.uk
5413,ucr.edu
5414,sync.com
5415,zomato.com
5417,cbp.gov
5419,sendgrid.com
5420,autozone.com
5421,aps.org
5423,appiancloud.com
5424,packagist.org
5426,jal.co.jp
5428,emerald.com
5429,adelement.com
5431,justpremium.com
5434,tagged.com
5435,avon.com
5437,jiocinema.com
5439,maxpreps.com
5440,aa.com.tr
5442,dropcam.com
5443,acehardware.com
5445,cgtn.com
5446,rebrand.ly
5447,siteground.us
5451,paramount.tech
5454,gla.ac.uk
5455,salesforce-scrt.com
5456,dji.com
5457,morgenpost.de
5460,pp.ua
5461,ionos.de
5462,discovermagazine.com
5463,sat.gob.mx
5464,respawn.com
5465,fotocdn.net
5473,hola.com
5475,dazn.com
5476,google.bi
5479,bancointer.com.br
5481,yospace.com
5483,tv-asahi.co.jp
5485,se.com
5490,wassenaar.org
5492,ameli.fr
5493,sbs.com.au
5494,tinkercad.com
5495,sorbs.net
5499,gumtree.com
5505,freelancer.com
5506,elcomercio.pe
5508,facebook-hardware.com
5510,ghost.org
5514,8x8.com
5516,latamairlines.com
5518,superpal.com
5519,google.rw
5523,coches.net
5524,hwg.org
5527,google.mv
5528,amtrak.com
5530,lgdacom.net
5538,xda-developers.com
5540,zyxel.com
5544,autoevolution.com
5545,emarsys.net
5546,baomoi.com
5548,ora.com
5550,salesloft.com
5556,easydns.com
5557,google.bj
5561,autoscout24.de
5563,youradchoices.com
5566,webcontentassessor.com
5573,pdflib.com
5575,poetryfoundation.org
5577,larazon.es
5581,sporcle.com
5583,cloudflarestatus.com
5587,uio.no
5588,dyn.com
5589,wyndhamhotels.com
5594,ankr.com
5596,oclc.org
5598,mypurecloud.com
5602,telia.com
5604,xlgmedia.com
5606,cloudtrax.com
5607,helsinki.fi
5608,rb.gy
5609,webnode.com
5613,kasserver.com
5615,leagueofgraphs.com
5618,scotsman.com
5619,actionverb.com
5620,google.com.fj
5621,dn.se
5622,cleveland.com
5624,google.co.vi
5626,matomo.cloud
5631,forrester.com
5632,isipp.com
5633,rfa.org
5636,zappos.com
5640,ionos.com
5643,pagesjaunes.fr
5645,nato.int
5648,crowd-umlaut.com
5649,sling.com
5650,theweathernetwork.com
5652,natura.com.br
5654,maryland.gov
5655,alarm.com
5656,xataka.com
5657,inews.co.uk
5660,google.ne
5663,prodigygame.com
5666,axonix.com
5668,powerschool.com
5669,concursolutions.com
5670,g123.jp
5673,biglots.com
5674,grab.com
5675,convertio.co
5676,airdroid.com
5677,latercera.com
5679,braintreegateway.com
5681,gammaplatform.com
5685,gsa.gov
5687,academy.com
5689,now.gg
5690,fanatics.com
5692,x-cdn-static.com
5693,chinatimes.com
5695,wsj.net
5696,plrm.zone
5697,eventim.de
5698,turbify.com
5700,kaggle.com
5701,fashionnova.com
5702,idealo.de
5706,nme.com
5708,palmpay.app
5709,streamzon.net
5710,timeshighereducation.com
5711,sytes.net
5712,archive.is
5713,recruit.co.jp
5714,fws.gov
5715,surfnet.nl
5718,hpdaas.com
5719,thegamer.com
5720,onef.pro
5721,autotrader.com
5724,abebooks.com
5725,thomann.de
5727,liverpoolecho.co.uk
5728,rainews.it
5729,supremecourt.gov
5733,amperwave.net
5734,google.co.zw
5737,deepai.org
5739,turner.com
5740,gao.gov
5743,zoopla.co.uk
5746,vk.ru
5750,wanadoo.fr
5751,getpublica.com
5752,dnofd.com
5755,aboutamazon.com
5756,bayern.de
5758,gigaset.net
5760,webthing.com
5761,sonnen.de
5764,volkswagen.de
5765,glip.com
5767,detik.com
5768,setlist.fm
5770,orangedata.ru
5776,blocket.se
5777,flippingbook.com
5778,itunes.com
5780,ifood.tv
5783,videonow.ru
5785,lothar.com
5786,geocaching.com
5787,semana.com
5789,yorku.ca
5790,pantip.com
5796,lolesports.com
5797,xs4all.nl
5798,boe.es
5800,britishairways.com
5802,srv53.net
5803,ntp.br
5804,a.co
5806,hs.fi
5808,cafepress.com
5809,betrad.com
5810,vine.co
5811,google.gy
5813,trenitalia.com
5826,usertesting.com
5829,gwars.io
5833,retailrocket.ru
5834,viafoura.co
5837,milanuncios.com
5839,olx.ro
5841,transfermarkt.com
5842,sonnenbatterie.de
5847,rferl.org
5851,google.cat
5852,gate.io
5856,theaustralian.com.au
5859,wpscdn.cn
5860,tf1info.fr
5861,azioncdn.net
5862,cgood.ru
5863,sanity.io
5864,goindigo.in
5866,ilfattoquotidiano.it
5867,tampabay.com
5868,uw.edu
5869,yougile.com
5871,tf1.fr
5879,syr.edu
5880,toyokeizai.net
5881,leeds.ac.uk
5884,google.mn
5886,dtln.ru
5889,usbank.com
5890,zillowstatic.com
5892,google.com.nf
5893,mobiusltd.com
5897,cronolog.org
5899,o2.pl
5900,mercadolibre.com.co
5907,pushd.com
5909,wynk.in
5913,cloudbirds.cn
5914,wallapop.com
5915,nhk.jp
5916,walmart.com.mx
5921,aralego.com
5927,google.gg
5928,epfl.ch
5931,godaddysites.com
5932,researchnow.com
5934,ihk-muenchen.de
5935,orange.com
5936,c-span.org
5938,asda.com
5943,wolterskluwer.com
5945,zog.link
5949,mysterium.network
5953,calm.com
5956,pitchfork.com
5957,txxx.com
5958,famatech.com
5961,webrootanywhere.com
5962,linkr.bio
5964,esecured.net
5965,articulate.com
5966,radissonhotels.com
5967,raiplay.it
5970,e-mark.nl
5971,bricklink.com
5973,lavozdegalicia.es
5979,invisalign.com
5982,opaque.net
5983,smartnews.net
5986,potterybarn.com
5987,trackjs.com
5990,tuoitre.vn
5991,jigsawplanet.com
5992,savvasrealize.com
5995,jpmorgan.com
5997,sco.gov.pk
5998,agenziaentrate.gov.it
6001,elle.fr
6003,uni-heidelberg.de
6004,sony.net
6010,pnc.com
6013,mercadolibre.cl
6016,allianz.de
6017,reliefweb.int
6018,poznan.pl
6019,capital.fr
6020,timesonline.co.uk
6021,prismic.io
6028,netperf.org
6030,lu.se
6038,airtel.in
6040,wbur.org
6043,3ds.com
6044,login.gov
6045,vzmessages.com
6046,netnod.se
6054,clinch.co
6060,tum.de
6062,klikbca.com
6064,swagbucks.com
6065,revjet.com
6066,housecallpro.com
6068,google.fm
6069,liongard.com
6070,haberturk.com
6072,cbsi.com
6073,google.mw
6074,game8.co
6075,nic.cz
6077,vnn.vn
6078,bajajfinserv.in
6083,t13.io
6084,libreoffice.org
6085,mail.com
6087,publico.pt
6093,google.ml
6094,python.ca
6096,infura.io
6097,nyaa.si
6101,owhealth.com
6104,cigna.com
6111,google.ms
6114,google.so
6116,bambuser.com
6119,spbtv.com
6120,st.com
6121,cargill.com
6123,honey.io
6125,gucci.com
6129,device9.com
6131,olympic.org
6134,optable.co
6135,thebalance.com
6138,ucalgary.ca
6143,sport1.de
6150,vk.team
6152,pr3tty-fly-4.net
6154,imagemagick.com
6155,google.cv
6157,univision.com
6158,idc.com
6159,dzcdn.net
6166,farlightgames.com
6167,delicious.com
6169,google.ki
6170,ultradns.biz
6172,solitaired.com
6173,imtwjwoasak.com
6176,larepublica.pe
6177,momoshop.com.tw
6180,icims.com
6181,marvel.com
6184,controlup.com
6189,uxfeedback.ru
6192,hk01.com
6193,tvp.pl
6194,august.com
6196,placed.com
6199,freshservice.com
6205,deviantart.net
6206,attentivemobile.com
6208,ezoic.net
6209,ibiblio.org
6210,google.cf
6212,telecinco.es
6213,canvaslms.com
6216,nsc.ru
6217,medicare.gov
6218,etc.uz
6219,b92.net
6221,google.pn
6223,familysearch.org
6225,dailystar.co.uk
6226,redcdn.pl
6227,csiro.au
6228,altavista.com
6230,copyleft.no
6238,colorado.gov
6241,unacademy.com
6248,ufanet.ru
6253,qatarairways.com
6254,credly.com
6255,ilgiornale.it
6257,halodoc.com
6261,exblog.jp
6262,azbyka.ru
6264,in.gr
6265,tutorialspoint.com
6266,chinanews.com.cn
6272,2cnt.net
6273,msk.ru
6274,twnic.net.tw
6275,eurosport.com
6279,kcl.ac.uk
6285,zenodo.org
6287,go.dev
6288,getgocdn.com
6290,liputan6.com
6291,openlibrary.org
6294,control4.com
6295,pdst.fm
6296,lavoixdunord.fr
6298,c6gj-static.net
6299,pr3tty-fly4.com
6301,bp.com
6303,google.li
6304,morganstanley.com
6306,playhop.com
6307,fu-berlin.de
6308,bunnydns.com
6312,torob.com
6313,fitorf.ru
6315,covers.com
6318,host-food.ru
6320,google.je
6321,lidl.de
6325,illinois.gov
6326,dns-diy.net
6329,google.com.gi
6335,obsproject.com
6337,mixi.jp
6338,go2cloud.org
6341,keenetic.link
6342,rwth-aachen.de
6344,impactradius-event.com
6346,10jqka.com.cn
6353,carnet.hr
6359,1capp.com
6361,rug.nl
6364,headspace.com
6365,wikimapia.org
6367,fandango.com
6372,dailyrecord.co.uk
6373,tim.it
6376,solaredge.com
6378,apachetoday.com
6381,zg-api.com
6385,underarmour.com
6386,google.ht
6389,athenahealth.com
6392,sportsdirect.com
6394,bandsintown.com
6404,careem-engineering.com
6406,proxysite.com
6407,andbeyond.media
6409,radio-canada.ca
6411,maine.gov
6414,google.sh
6415,capterra.com
6420,gadgets360.com
6421,al.com
6423,tui.co.uk
6424,google.tg
6425,miniclip.com
6426,sleepnumber.com
6428,asm.org
6430,gyazo.com
6436,grafana.net
6438,complex.com
6439,americanas.com.br
6440,mercadopago.com.ar
6443,citibank.com
6447,twingate.com
6448,stripecdn.com
6450,futbol24.com
6451,homegate.ch
6456,csod.com
6457,2dehands.be
6461,kabum.com.br
6463,ix.ru
6465,openedition.org
6469,faberlic.com
6471,sacbee.com
6476,uva.nl
6477,rtvslo.si
6482,dhnet.be
6484,golang.org
6485,s2517.com
6488,zdbb.net
6492,inps.it
6494,igvita.com
6496,heraldo.es
6501,northeastern.edu
6506,ladesk.com
6507,google.td
6508,nodacdn.net
6510,swiftserve.com
6516,origin.com
6518,cnstrc.com
6519,unodc.org
6520,chronicle.com
6523,awsapps.com
6524,chumbacasino.com
6525,rtbhouse.com
6527,onthemarket.com
6530,liverpool.com.mx
6531,threebit.net
6535,google.nr
6536,blacknight.com
6537,google.com.sl
6538,audioeye.com
6539,fourseasons.com
6540,tempo.co
6541,elcorreo.com
6542,catawiki.com
6543,adac.de
6545,ip.tv
6546,qiita.com
6549,lkqd.net
6551,bmwgroup.com
6552,unixtools.org
6553,tpmn.co.kr
6554,bethesda.net
6556,babycenter.com
6559,ricoh.com
6560,dior.com
6561,acuityscheduling.com
6562,equifax.com
6563,harrahs.org
6566,l-tike.com
6570,espn.net
6574,bancosantander.es
6576,proper.io
6583,videojs.com
6584,bartleby.com
6585,fantasypros.com
6588,nseindia.com
6590,costco.ca
6591,dealerinspire.com
6592,winzip.com
6593,allmusic.com
6595,trusteer.com
6596,frontapp.com
6597,inverse.com
6598,oprah.com
6602,r-project.org
6603,xg4ken.com
6604,jpmorganchase.com
6606,seznamzpravy.cz
6608,thanhnien.vn
6610,disa.mil
6611,taxtelecom.ru
6615,letelegramme.fr
6620,idntimes.com
6621,overdrive.com
6622,picrew.me
6625,tuasaude.com
6627,motortrend.com
6629,immowelt.de
6634,webpt.com
6638,aemet.es
6640,overstock.com
6643,kth.se
6644,todamateria.com.br
6646,logi.com
6647,vzw.com
6649,ledauphine.com
6651,journaldemontreal.com
6652,discover.com
6658,google.gl
6660,google.bt
6663,imptracking.com
6664,nrdc.org
6665,arbeitsagentur.de
6667,about.google
6670,google.mg
6671,razersynapse.com
6673,tchibo.de
6674,abcp.ru
6676,onedio.com
6677,secondlife.com
6678,looker.com
6679,yango.com
6682,tvspielfilm.de
6687,wikiwand.com
6690,nrich.ai
6692,just-eat.com
6693,buyee.jp
6699,opentext.com
6700,sainsburys.co.uk
6701,is.fi
6702,allthefallen.moe
6703,warframe.com
6705,googlepages.com
6706,dialoguecorp.com
6707,bancolombia.com
6709,google.vu
6710,themeansar.com
6713,fareharbor.com
6714,x5.ru
6715,google.ga
6717,zapimoveis.com.br
6718,adme.media
6722,cmail20.com
6723,ambito.com
6728,vesselfinder.com
6729,bunshun.jp
6730,kr-weathernews.com
6731,seloger.com
6732,google.sm
6733,yamaha.com
6739,diamond.jp
6743,bezeq.co.il
6745,skynewsarabia.com
6746,mssm.edu
6748,sonyliv.com
6749,uvic.ca
6755,navyfederal.org
6762,tube8.com
6763,f95zone.to
6766,swr.de
6768,kuleuven.be
6769,olx.in
6772,jagranjosh.com
6773,tradeinn.com
6774,aip.org
6775,tpmn.io
6778,123rf.com
6779,edmentum.com
6780,newsday.com
6785,goibibo.com
6789,ntv.ru
6791,simplisafe.com
6798,logitechg.com
6800,cargocollective.com
6801,googlecode.com
6802,itsm365.com
6803,phpmyadmin.net
6804,hopto.org
6807,biobiochile.cl
6808,di.se
6809,smartnews.com
6810,active.com
6812,zoomgov.com
6815,juntadeandalucia.es
6824,tango.me
6827,growthbook.io
6829,ilsole24ore.com
6830,goldmansachs.com
6831,postermywall.com
6833,gulfnews.com
6837,leprogres.fr
6838,walesonline.co.uk
6839,blackrussia.online
6841,talend.com
6845,tn.com.ar
6848,blesk.cz
6853,express.de
6855,astro.com
6858,ecer.com
6859,narrative.io
6860,protonmail.ch
6861,claro.com.ar
6868,pluralsight.com
6869,farming-simulator.com
6870,sdn.cz
6871,aafp.org
6875,tengrinews.kz
6879,lookout.com
6880,windguru.cz
6882,lidl.com
6883,onepeloton.com
6884,vodafone.com.tr
6885,ifixit.com
6886,manyvids.com
6887,proxad.net
6888,noip.com
6889,natalie.mu
6891,bidtheatre.com
6892,nine.com.au
6893,nykaa.com
6901,company.site
6905,reserved.com
6910,carrierzone.com
6912,bouyguestelecom.fr
6915,jc-gs.com
6917,nghttp2.org
6918,moviead55.ru
6919,hextom.com
6921,expressvpn.com
6922,maurices.com
6923,paris.fr
6927,cmail19.com
6934,google.me
6936,domestika.org
6938,certalicup.com
6939,blendlabs.com
6945,videowalldirect.com
6948,olark.com
6949,myon.com
6951,playbattlegrounds.com
6953,pornzog.com
6955,mbl.is
6956,mercadolivre.com
6958,gcash.com
6960,care.com
6961,1gt.ru
6963,google.tl
6964,consumerfinance.gov
6966,versus.com
6968,eqads.com
6969,aig.com
6970,edgenuity.com
6971,jp.net
6973,hostiman.com
6975,nola.com
6977,aastocks.com
6984,tvbs.com.tw
6985,coppel.com
6987,emc.com
6993,cheezburger.com
6995,storeland.ru
6999,vedantu.com
7001,pix.pub
7004,vxxx.com
7010,zbiornik.com
7013,digiseller.ru
7014,aktuality.sk
7016,togetter.com
7017,travelocity.com
7018,zoneedit.com
7019,tsa.gov
7022,magento.cloud
7023,webland.ch
7025,lexpress.fr
7027,ccleaner.com
7028,vuejs.org
7029,chunichi.co.jp
7030,asriran.com
7031,spectrumvoip.com
7033,purestorage.com
7035,manitu.net
7037,raygun.io
7039,fancode.com
7041,csfd.cz
7053,3movs.com
7055,heroeswm.ru
7056,vjav.com
7059,optum.com
7064,dmed.kz
7066,hotwire.com
7068,cra.cz
7069,thairath.co.th
7072,gelderlander.nl
7083,computrabajo.com
7085,veriff.com
7094,portfolio.hu
7098,bezeqint.net
7102,postman.co
7104,instapaper.com
7106,lavoz.com.ar
7107,pearltrees.com
7109,uni-hamburg.de
7110,nic.uy
7111,adorocinema.com
7113,boticario.com.br
7116,onstove.com
7120,pictoa.com
7122,arubainstanton.com
7124,bluebillywig.com
7128,sendtonews.com
7132,upornia.com
7133,truffle.bid
7134,climatempo.com.br
7138,very.co.uk
7140,sporza.be
7143,healthcare.gov
7151,avlyun.com
7152,vultr.com
7153,tienphong.vn
7156,24.hu
7159,rezka.ag
7163,hitta.se
7164,pathe.nl
7165,housing.com
7166,fsf.org
7169,transfermarkt.de
7172,bmo.com
7173,vudu.com
7174,businessnewsdaily.com
7175,turkishairlines.com
7176,olx.co.id
7177,mexc.com
7179,yg5sjx5kzy.com
7180,adevarul.ro
7183,fitgirl-repacks.site
7186,lemonpi.io
7187,shiksha.com
7188,mdr.de
7189,grigorik.com
7191,tubesafari.com
7194,smartrecruiters.com
7195,languagetoolplus.com
7199,wakelet.com
7200,bluecore.com
7202,aws.com
7203,tycsports.com
7205,nypl.org
7206,videa.hu
7208,pyrus.com
7209,mofa.gov.sa
7210,laodong.vn
7211,saucelabs.com
7213,janeapp.com
7215,louisvuitton.com
7216,kunasystems.com
7217,leadsquared.com
7220,iata.org
7221,fillr.com
7222,ultradns.org
7226,elo7.com.br
7229,tecnoera.com
7233,mattel.com
7234,kmv.ru
7235,kino-teatr.ru
7238,ets.org
7239,indosatooredoo.com
7242,cosme.net
7243,fpjs.io
7248,drogaraia.com.br
7256,diabetes.org
7257,dotloop.com
7259,vrtcal.com
7261,racingpost.com
7264,dns04.com
7269,cdn-net.com
7271,quip.com
7272,episerver.net
7274,registry.in
7275,novosti.rs
7276,jorudan.co.jp
7278,pushlycdn.com
7280,espn.com.br
7282,guidestar.org
7288,zoznam.sk
7292,sii.cl
7294,inria.fr
7295,usvisa-info.com
7297,bunny.net
7299,sparkpost.com
7305,geforce.com
7312,ad-stir.com
7313,gotoassist.com
7315,cafef.vn
7321,bhaskar.com
7322,quay.io
7326,destentor.nl
7328,wyze.com
7329,cpsc.gov
7332,pensador.com
7335,kenh14.vn
7336,my-best.com
7337,gaana.com
7339,goodoo.ru
7344,fantacalcio.it
7348,firstpost.com
7349,zeebiz.com
7350,hawaii.gov
7353,bergfex.at
7355,footmercato.net
7358,markt.de
7360,vwgroup.com
7362,dailyhunt.in
7369,curalate.com
7372,itatiaia.com.br
7374,alaska.gov
7380,cmjornal.pt
7381,axs.com
7383,nownews.com
7385,digi24.ro
7388,businessinsider.com.pl
7389,tabnak.ir
7392,peers.tv
7393,httpwg.org
7396,yieldlab.net
7397,confluent.cloud
7400,giallozafferano.it
7403,lystit.com
7405,eaton.com
7411,tubev.sex
7418,brother.com
7421,substackcdn.com
7422,decolar.com
7426,webmotors.com.br
7430,adelaide.edu.au
7431,my-force-user-content.com
7433,bitmen.ru
7436,homes.co.jp
7438,xnxxcom.xyz
7441,telenet.be
7443,banco.bradesco
7445,findmykids.org
7447,3hentai.net
7448,irancell.ir
7456,mercadolibre.com.ve
7458,ukrainealarm.com
7463,beritasatu.com
7464,sg.fr
7466,appcues.com
7467,komiku.id
7469,fnn.jp
7470,financialpost.com
7471,dyson.com
7474,divvy.co
7475,enjoei.com.br
7477,president.jp
7478,oikotie.fi
7479,paheal.net
7480,acgnxtracker.com
7484,affec.tv
7486,islamweb.net
7487,filmstarts.de
7488,mandrillapp.com
7493,egihosting.com
7495,vfsglobal.com
7501,namefind.com
7502,autoscout24.it
7503,sojern.com
7508,yandex.eu
7510,accompany.com
7513,peakgames.net
7518,goldbet.it
7521,musicdel.ir
7523,boulanger.com
7525,plausible.io
7526,playwire.com
7531,delgarm.com
7532,audiomack.com
7534,sonyentertainmentnetwork.com
7535,assertcom.de
7536,xxxvideo.best
7542,tcd.ie
7543,survata.com
7545,widen.net
7549,temple.edu
7551,mobile01.com
7552,kaufland.de
7556,hku.hk
7559,eleadcrm.com
7561,fussball.de
7563,eurosport.fr
7564,storm.mg
7566,yandexmetrica.com
7568,alaskaair.com
7569,abola.pt
7570,stamped.io
7573,ilrestodelcarlino.it
7574,madeiramadeira.com.br
7577,upmusics.com
7581,geocomply.com
7582,luticlip.com
7585,mywellness.com
7588,chess-results.com
7590,starfieldtech.com
7593,signalfx.com
7595,usu.edu
7596,noticiasaominuto.com
7598,audrte.com
7601,vk-portal.net
7604,sanspo.com
7607,totalav.com
7615,uem.mz
7619,auchan.fr
7622,rmf24.pl
7623,chick-fil-a.com
7624,mathrubhumi.com
7625,uu.se
7626,google.dj
7629,provenexpert.com
7632,dynu.com
7633,embedly.com
7638,record.pt
7644,rusvideos.cc
7646,iftnet.com.br
7647,p-bandai.jp
7648,cc.com
7650,megapath.com
7651,slack-imgs.com
7652,yottaa.net
7656,gala.fr
7662,eldebate.com
7664,kb4compliance.com
7666,looti.org
7670,nishinippon.co.jp
7671,nature.org
7672,caracoltv.com
7681,hclips.com
7682,magicbricks.com
7688,shb-sync.com
7692,cardekho.com
7693,vaidebet.com
7694,idaho.gov
7695,olx.com.pk
7699,filedownload-csw-lenovo.com
7704,bangkokpost.com
7708,topky.sk
7709,aepd.es
7711,reason.com
7714,goodsync.com
7715,u.gg
7721,liberoquotidiano.it
7725,partner.co.il
7726,bankbazaar.com
7731,purepeople.com
7732,forbesjapan.com
7734,ontario.ca
7735,vewd.com
7736,adda247.com
7743,cas.sk
7745,ku.dk
7752,jofogas.hu
7753,tver.jp
7755,gay0day.com
7756,zalando.nl
7757,esic.in
7758,rtbsystem.com
7759,alodokter.com
7760,ambitionbox.com
7761,mdhv.io
7766,lacentrale.fr
7767,hbomax.com
7768,airbnb.co.uk
7769,unotv.com
7772,post.ir
7773,microchip.com
7775,labanquepostale.fr
7777,alhurra.com
7778,suruga-ya.jp
7779,jagex.com
7781,helpscout.net
7784,voici.fr
7787,mcdonalds.co.jp
7789,ojrq.net
7790,mykronos.com
7791,gramedia.com
7792,w.org
7796,blogspot.in
7797,reflected.net
7799,lucid.app
7802,cuisineaz.com
7805,lachainemeteo.com
7807,ilgazzettino.it
7808,nmas.com.mx
7809,nexage.com
7811,huawei.ru
7817,ou.edu
7819,nab.com.au
7820,maybank2u.com.my
7821,mendeley.com
7823,freee.co.jp
7824,bayer.com
7825,zippia.com
7828,israelhayom.co.il
7833,telcel.com
7835,mirostatic.com
7836,nld.com.vn
7838,inmarketexchange.com
7841,polsatnews.pl
7843,lioden.com
7845,khaleejtimes.com
7847,idokep.hu
7851,sporx.com
7856,maersk.com
7857,ridibooks.com
7858,99acres.com
7860,webgo.de
7861,clickcease.com
7862,boots.com
7863,diariouno.com.ar
7864,chanel.com
7865,fararu.com
7866,nic.de
7870,ilgiorno.it
7874,indianrail.gov.in
7877,gov.uz
7878,nobroker.in
7879,relay.school
7880,lpsg.com
7882,blogspot.ru
7883,eroprofile.com
7885,authorizedvault.com
7888,mtb.com
7889,worldatlas.com
7891,plo.vn
7896,cutout.pro
7899,ushmm.org
7903,pornkai.com
7910,my-personaltrainer.it
7911,charter.net
7912,supportview.com
7917,impression.link
7919,cloudskillsboost.google
7923,cnbcfm.com
7925,google.com.sb
7926,namnak.com
7929,kriesi.at
7930,driftt.com
7931,grainger.com
7936,ucar.edu
7938,zalando.pl
7942,nrw.de
7948,vidu.studio
7949,squarecdn.com
7954,gawker.com
7957,googl.com
7961,basf.com
7962,autotrader.co.za
7963,ixigo.com
7964,soha.vn
7967,haproxy.org
7968,floors.dev
7969,mtvuutiset.fi
7970,inkscape.org
7973,ticktick.com
7977,missena.io
7980,panda.org
7982,cardsmobile.ru
7986,msg-csw-lenovo.com
7988,pozdravok.com
7989,gotostage.com
7990,getty.edu
7992,beforward.jp
7994,tabnine.com
7998,runescape.com
8003,osf.io
8005,cinepolis.com
8008,kqed.org
8009,rshb.ru
8012,trimble.com
8019,haraj.com.sa
8021,nextcloud.com
8027,wetransfer.net
8028,mindbodygreen.com
8029,skai.gr
8031,monotaro.com
8032,fdj.fr
8037,sltrib.com
8041,shonenjumpplus.com
8044,google.st
8047,myherbalife.com
8049,energystar.gov
8050,zalando.fr
8052,geogebra.org
8055,strikingly.com
8061,locum.ru
8062,lidl.es
8063,saksfifthavenue.com
8066,digitaleast.mobi
8067,starwars.com
8068,videocelebs.net
8069,ifttt.com
8070,bonprix.de
8073,mandmdirect.com
8075,flashback.org
8077,wn.com
8080,bola.com
8081,nitori-net.jp
8082,booklive.jp
8083,site123.me
8084,canalrcn.com
8085,jiomart.com
8087,dinamalar.com
8088,kurashiru.com
8089,licindia.in
8094,relevo.com
8095,trovaprezzi.it
8100,foxit.com
8101,cashify.in
8102,maze.co
8106,dellsupportcenter.com
8107,codashop.com
8109,zalando.it
8111,servicewebly.com
8112,ncl.ac.uk
8113,sezzle.com
8115,leggo.it
8118,petsmart.com
8119,narrativ.com
8121,doctoralia.com.br
8125,8ballpool.com
8127,bolasport.com
8128,hentaiheroes.com
8133,alo.rs
8136,khelo24bet.com
8137,feverup.com
8143,iperceptions.com
8148,doe.gov
8149,choicehotels.com
8153,veikkaus.fi
8154,zee5.com
8157,squirt.org
8159,gohugo.io
8161,aminoapps.com
8163,blogtalkradio.com
8169,mixnews.lv
8170,barchart.com
8171,magazinevoce.com.br
8173,alberta.ca
8175,ahagamecenter.com
8180,kemdikbud.go.id
8181,xtracloud.cn
8182,jmty.jp
8186,trilltrill.jp
8190,genial.ly
8191,nextersglobal.com
8193,smartasset.com
8194,redbus.in
8198,jnj.com
8203,cancerresearchuk.org
8209,usajobs.gov
8211,admedo.com
8213,bibliaon.com
8214,gree.net
8215,digitalgov.gov
8219,elcinema.com
8222,abadis.ir
8230,smbcnikko.co.jp
8231,google.gm
8232,money.it
8243,kinogo.biz
8245,hihi2.com
8250,bendingspoonsapps.com
8254,socialmediagirls.com
8256,vogue.co.uk
8257,lidl.fr
8258,vaultdcr.com
8259,animepahe.ru
8262,bellemaison.jp
8264,nptel.ac.in
8273,animeflv.net
8274,intersport.fr
8276,say.games
8277,delhivery.com
8279,everestengagement.com
8283,vlr.gg
8286,fotmob.com
8291,enpantallas.com
8294,loveread.ec
8298,ncore.pro
8299,java.net
8300,but.fr
8301,proofdns.com
8303,ethereum.org
8308,9news.com.au
8310,netlifyglobalcdn.com
8311,filmix.fm
8315,stltoday.com
8317,skyscanner.co.in
8319,phgop1.com
8321,aidata.io
8322,digisport.ro
8323,qualaroo.com
8326,taptapnetworks.com
8330,bharian.com.my
8332,newsit.gr
8333,kemkes.go.id
8334,indiatv.in
8337,route.com
8338,zalando.es
8348,tv9hindi.com
8350,iesnare.com
8351,kabutan.jp
8352,google.nu
8356,libguides.com
8359,fdic.gov
8362,fotomac.com.tr
8363,haremaltin.com
8365,excellenth5game.com
8367,listrakbi.com
8369,foxweather.com
8374,meetme.com
8375,g4media.ro
8377,readawrite.com
8378,york.ac.uk
8380,ripley.cl
8381,empiresandpuzzles.com
8386,hdzog.com
8390,mgm.gov.tr
8391,bestialitysextaboo.net
8392,medonet.pl
8394,raterhub.com
8400,bose.com
8401,espn.com.mx
8402,gree.jp
8403,itoolabs.net
8406,usebutton.com
8407,olo.com
8412,paris.cl
8421,huyamba.info
8422,blogspot.it
8424,sexvideo.click
8425,iskur.gov.tr
8426,postype.com
8428,roeyecdn.com
8429,bola.net
8433,ndtv.in
8435,primor.eu
8438,amedia.site
8442,soccer365.ru
8443,csic.es
8448,ekitan.com
8449,nikkeibp.co.jp
8451,blogspot.com.au
8456,rixengine.com
8459,pciconcursos.com.br
8460,sakshi.com
8463,simonandschuster.com
8464,vi.net
8466,airbnb.fr
8469,gcd-dns.com
8475,playfootball.games
8481,simpkb.id
8482,thomsonreuters.org
8485,agenciatributaria.gob.es
8490,bluestone.com
8491,pennlive.com
8498,chimpstatic.com
8500,jfrog.io
8502,voetbalprimeur.nl
8503,drikpanchang.com
8510,rmf.fm
8512,micasino.com
8517,cryoutcreations.eu
8520,showup.tv
8530,net.hr
8532,lespompeurs.com
8533,uni-freiburg.de
8537,clodo.ru
8538,999.md
8548,volganet.ru
8550,betflag.it
8555,sexvideos.rodeo
8560,hexagon-analytics.com
8561,vista.ir
8563,ymcdn.org
8564,wplay.co
8566,aniworld.to
8569,joporn.name
8571,peplink.com
8575,hmetro.com.my
8576,ballotpedia.org
8582,skyscanner.es
8587,rtl.fr
8588,vcu.edu
8594,google.im
8596,volkskrant.nl
8597,ero-video.net
8601,fextok.com
8602,sunrise.ch
8604,tiscali.it
8605,google.com.vc
8606,world.co.jp
8609,questionablequesting.com
8611,informer.rs
8613,mamikos.com
8622,sportschau.de
8623,lifeaiot.com
8624,hivebedrock.network
8625,kansascity.com
8627,getrushapp.com
8630,tt1069.com
8639,gercekgundem.com
8646,looti.net
8647,ninite.com
8649,seg-social.pt
8651,uvm.edu
8654,nic.media
8655,remanga.org
8656,wbinsights.com
8658,mojapp.in
8661,novelpia.com
8663,iflscience.com
8665,f-secure.com
8666,e-estekhdam.com
8669,kit.edu
8670,animego.org
8671,lokmat.com
8675,qvc.de
8679,ouedkniss.com
8682,3gl.net
8685,swing-zone.com
8690,zebra.engineering
8692,actualno.com
8694,steelhousemedia.com
8698,transfermarkt.es
8701,alphapolis.co.jp
8706,cpx.to
8710,rip.ie
8712,meteo.gr
8722,josporn.club
8726,google.org
8729,adventori.com
8733,livesport.com
8736,andhrajyothy.com
8741,bazos.cz
8745,loksatta.com
8746,wral.com
8754,macaro-ni.jp
8759,programme-television.org
8763,sefan.ru
8769,aweray.net
8770,arabnudes.net
8772,milb.com
8773,famethemes.com
8775,belka-games.com
8780,nbcnewyork.com
8782,sympla.com.br
8783,komiku.com
8785,cybera.net
8786,p-world.co.jp
8790,rakuten-card.co.jp
8792,resultadofacil.com.br
8799,pusherapp.com
8801,upsstoreprintshop.com
8804,apple.com.cn
8806,gobankingrates.com
8809,utwente.nl
8813,karte.io
8815,philly.com
8816,placardefutebol.com.br
8818,uptvs.com
8819,coupadev.com
8826,weborama-tech.ru
8834,wartank.ru
8836,casinoenvivo.club
8837,dropgame.jp
8838,goraggio.com
8839,pscube.jp
8841,focus-news.net
8842,nit.pt
8843,brainlyads.com
8845,06yahoo.com
8849,signifyd.com
8850,pavietnam.net
8851,cloud.globo
8855,iranjib.ir
8856,ig.com.br
8858,dzone.com
8859,bandlab.com
8861,skyscanner.it
8863,mcmaster.ca
8866,yadi.sk
8868,jbzd.com.pl
8869,lngtd.com
8872,avidreaders.ru
8874,qustodio.com
8879,coral.co.uk
8882,jansatta.com
8884,soom.la
8885,delishkitchen.tv
8897,emlakjet.com
8898,soccer24.com
8900,judge.me
8901,springerlink.com
8902,yanmaga.jp
8903,femmeactuelle.fr
8907,fanatik.ro
8913,leroymerlin.pl
8915,keirin.jp
8926,backlinko.com
8927,snap.com
8928,edweek.org
8934,la.gov
8935,singaporeair.com
8937,bestwestern.com
8939,extra.cz
8940,hitster.fm
8943,anwap.today
8944,egais.ru
8947,bazos.sk
8948,vprok.ru
8954,dfn.de
8956,st-andrews.ac.uk
8959,us.org
8960,portaldozacarias.com.br
8965,umontreal.ca
8967,ugent.be
8976,flourish.studio
8978,aditude.cloud
8981,mypertamina.id
8984,newcastle.edu.au
8994,onthe.io
9010,viki.com
9011,tenablesecurity.com
9012,studyx.ai
9014,sportnieuws.nl
9015,dandomain.dk
9016,ub.edu
9018,esakal.com
9020,dedeman.ro
9022,ripley.com.pe
9027,oggi.it
9030,21cineplex.com
9031,theculturetrip.com
9034,stubhub.com
9036,boat-lifestyle.com
9037,nanocosmos.de
9038,flashscore.es
9040,eyeo.com
9041,matchendirect.fr
9044,oceans-nadia.com
9046,nmorerregion.com
9047,nationaltrust.org.uk
9051,google.com.tj
9053,pomponik.pl
9054,net-empregos.com
9057,priceoye.pk
9058,uwo.ca
9060,gosexpod.com
9071,alo.bg
9073,iliad.it
9075,taz.de
9076,moppy.jp
9079,sstatic.net
9086,screencastify.com
9087,redtube.com.br
9088,bikedekho.com
9090,ngrok.com
9101,camsoda.com
9104,hostifi.com
9107,pastelink.id
9108,tupaki.com
9111,zahid.host
9120,www.gob.pe
9123,selfstudys.com
9124,baycrews.jp
9126,full-count.jp
9127,loteriasdominicanas.com
9129,supercp.com
9135,timesnowhindi.com
9138,joann.com
9140,volcanoh5game.com
9141,scorenga.com
9143,world4you.at
9147,thomsonreuters.co.uk
9157,shopch.jp
9158,millipiyangoonline.com
9161,xorgasmo.com
9163,americanprogress.org
9169,wizards.com
9173,spectator.co.uk
9179,heytapimg.com
9184,aj2663.bid
9194,xmeye.net
9196,chochox.com
9197,altema.jp
9203,espn.com.ve
9207,xnalgas.com
9209,tv9telugu.com
9216,juegosonce.es
9219,smtp2go.com
9224,dtdc.in
9227,browser-intake-datadoghq.eu
9230,ncaa.com
9231,papercut.com
9232,adjoe.zone
9235,dateinasia.com
9236,uzh.ch
9239,nwwrtbbit.com
9243,pcmax.jp
9244,ss.lv
9247,herminahospitals.com
9248,90minut.pl
9261,aj2615.bid
9263,supersport.hr
9266,apollopharmacy.in
9268,pointi.jp
9273,toptoon.com
9275,the-ans.jp
9284,avdbs.com
9286,bitcoin.com
9288,futbolfantasy.com
9289,zadn.vn
9294,rollout.io
9301,apuestatotal.com
9305,icbc.com.cn
9306,careerpower.in
9310,pex.jp
9312,sodresantoro.com.br
9313,flashscore.com.ve
9314,kamigame.jp
9315,nngroup.com
9316,sorrisi.com
9317,swarovski.com
9323,medex.com.bd
9327,desi-porn.tube
9335,emltrk.com
9341,colearn.id
9342,cotodigital3.com.ar
9343,grail.bz
9344,attentionxyz.com
9345,fudan.edu.cn
9346,musixmatch.com
9347,orange.mg
9349,hdpornvideoindia.pro
9350,conxxx.pro
9352,twibida.com
9354,schema.org
9355,manhwaweb.com
9358,ice.co.il
9359,airbrake.io
9361,muni.cz
9364,broapp.online
9367,ngmcasino.com
9372,clashofclans.com
9374,cerdas.com
9379,eleman.net
9382,parentsquare.com
9387,eaglecdn.com
9391,urbanoutfitters.com
9392,zona-militar.com
9395,wav.tv
9399,queropassagem.com.br
9402,zone-turf.fr
9407,mobiledokan.co
9410,bongacams.com
9411,optimise.net
9414,okstate.edu
9415,prajavani.net
9439,drivemusic.me
9441,shalove.net
9446,ibtimes.co.uk
9447,deephot.link
9449,seneporno.com
9450,pixnet.net
9454,jalf.com
9458,best-hit.tv
9467,bet30.click
9468,bet91.club
9470,casino365online.ws
9471,celuapuestas.io
9474,dreammail.jp
9476,gamemania.co.ke
9480,packzy.com
9485,archive.ph
9486,revopush.com
9492,uni-koeln.de
9498,qvc.jp
9499,lodz.pl
9500,sassa.gov.za
9501,dmv.org
9503,hobbylobby.com
9505,wooga.com
9509,helpme.net
9515,lettuceclub.net
9517,tse.jus.br
9518,twinsfun.com
9520,flashscore.com.ng
9525,sitepoint.com
9526,which.co.uk
9528,mt.gov
9535,plovdiv24.bg
9536,muyzorras.com
9540,healthgrades.com
9549,calzedonia.com
9555,indiabix.com
9557,hu-berlin.de
9558,baby-calendar.jp
9561,ritzcarlton.com
9564,bankingnews.gr
9567,flashscore.co.id
9569,kurnik.pl
9573,flashscore.co
9584,thehartford.com
9585,tg7772.com
9595,parliament.uk
9597,ph365.com.ph
9598,cyon.ch
9600,edkt.io
9601,deputy.com
9613,arcgisonline.com
9614,libramemoria.com
9615,sharefile.com
9616,healthychildren.org
9621,hnext.jp
9623,xvideo-jp.com
9627,tuttosport.com
9628,technologijos.lt
9630,zloteprzeboje.pl
9631,liu.se
9633,born2be.pl
9634,odibets.com
9638,umt.edu
9645,adobeprimetime.com
9647,above.com
9648,paytm.me
9650,modaselvim.com
9654,pokepara.jp
9665,warau.jp
9666,cityu.edu.hk
9668,unionbankonline.co.in
9669,gosquared.com
9670,limo.media
9674,loveread.me
9676,n11.com
9677,pornoborshch.com
9679,whattoexpect.com
9694,jappy.com
9708,lpga.or.jp
9710,mrush.mobi
9711,public.app
9717,8k8app11.com
9718,rbx.com
9719,flashscore.pe
9720,tixcraft.com
9721,yasexe.pro
9727,hotxv.com
9728,axisbank.com
9730,solopornoitaliani.xxx
9737,mgmresorts.com
9744,bodycontact.com
9754,havadurumu15gunluk.xyz
9757,ntv.co.jp
9758,novaventa.com.co
9759,kayzen.io
9760,bankofindia.com
9763,szarada.net
9764,gx.games
9766,schneevonmorgen.com
9767,cpbl.com.tw
9770,browser-intake-us5-datadoghq.com
9775,urmombl.com
9777,kiskegyed.hu
9798,masafun.com
9799,masa49.com
9801,arsmate.com
9802,ragnet.co.jp
9806,dizy.com
9827,elephantbet.co.mz
9828,fictionexpress.com
9829,gaymec.com
9831,jugandoonline.com.ar
9838,syapp.jp
9842,tantora.jp
9844,tuma.jp
9846,vi-vo.link
9849,adsmeasurement.com
9855,unige.ch
9857,eghrmis.gov.my
9858,digital.gov.eg
9859,metunic.com.tr
9860,v6velugu.com
9866,syfy.com
9867,posterous.com
9872,classificadosx.net
9873,onboardicafe.com
9875,mitchell1.com
9877,wikileaks.org
9879,ylilauta.org
9880,vn2.pro
9885,hackerrank.com
9889,mini.de
9894,no-ip.org
9896,planningcenteronline.com
9899,campaign-archive1.com
9901,daga88b.net
9908,fuegodevida.com
9909,redlights.be
9910,etrain.info
9912,calciomercato.com
9914,slgnt.eu
9915,hrylabour.gov.in
9919,captioncall.com
9921,meetcircle-blue.co
9926,napiszex.com
9927,reklama5.mk
9928,uod.ac.in
9930,uts.edu.au
9931,paysafecard.com
9932,jecontacte.com
9934,canalturf.com
9945,foxitsoftware.com
9952,nic.fr
9955,betclic.ci
9958,nirvam.it
9960,cloudspay.org
9961,link-monetize.com
9973,detran.sp.gov.br
