id,website
18,live.com
29,googleusercontent.com
187,ebay.com
277,stripe.com
384,globo.com
437,teamviewer.com
479,trustpilot.com
510,branch.io
538,amazontrust.com
757,tremorhub.com
805,comcast.com
820,worldbank.org
895,smartthings.com
1122,wshareit.com
1125,google.ru
1393,weathernews.jp
1840,goguardian.com
1903,mparticle.com
2246,howstuffworks.com
2319,mitre.org
2457,hyatt.com
2500,tamu.edu
2606,kde.org
2621,web.de
2649,usercentrics.eu
2690,arcticwolf.net
2742,google.ch
2748,nessus.org
2816,rottentomatoes.com
2879,xero.com
2909,ethz.ch
3005,mobilefuse.com
3133,ccc.de
3246,hawaii.edu
3272,sba.gov
3289,nalog.ru
3394,google.com.pk
3418,tele2.ru
3442,code.org
3467,qualcomm.com
3743,uga.edu
3924,lastline.com
4091,google.lk
4445,eia.gov
4553,siemens.de
4669,tenor.co
4749,merchant-center-analytics.goog
4832,statsig.com
5030,alamy.com
5090,3m.com
5099,netlify.com
5102,lapresse.ca
5169,uh.edu
5189,ons.gov.uk
5201,asuscomm.com
5426,jal.co.jp
5455,salesforce-scrt.com
5530,lgdacom.net
5687,academy.com
5698,turbify.com
5721,autotrader.com
5758,gigaset.net
5813,trenitalia.com
5833,retailrocket.ru
5899,o2.pl
6205,deviantart.net
6299,pr3tty-fly4.com
6447,twingate.com
6611,taxtelecom.ru
6715,google.ga
6801,googlecode.com
6827,growthbook.io
6892,nine.com.au
6968,eqads.com
7027,ccleaner.com
7374,alaska.gov
7422,decolar.com
7469,fnn.jp
7474,divvy.co
7577,upmusics.com
7644,rusvideos.cc
7670,nishinippon.co.jp
8118,petsmart.com
8517,cryoutcreations.eu
8532,lespompeurs.com
8596,volkskrant.nl
8726,google.org
9020,dedeman.ro
9263,supersport.hr
9286,bitcoin.com
9310,pex.jp
9525,sitepoint.com
9526,which.co.uk
9638,umt.edu
9766,schneevonmorgen.com
9777,kiskegyed.hu
9885,hackerrank.com
9899,campaign-archive1.com
9909,redlights.be
9931,paysafecard.com
