Website,CDN_Server_1,CDN_Server_2,CDN_Server_3,CDN_Server_4,CDN_Server_5,CDN_Server_6,CDN_Server_7,CDN_Server_8,CDN_Server_9,CDN_Server_10,CDN_Server_11,CDN_Server_12,CDN_Server_13
3lift.com,server-65-8-161-82.sfo53.r.cloudfront.net,server-13-35-238-18.sin2.r.cloudfront.net,server-108-159-61-91.bom78.r.cloudfront.net,server-18-245-86-13.fra60.r.cloudfront.net,server-13-226-34-78.ewr53.r.cloudfront.net,server-13-226-34-20.ewr53.r.cloudfront.net,server-18-67-110-23.syd62.r.cloudfront.net,server-13-226-34-103.ewr53.r.cloudfront.net,server-3-162-112-58.iad61.r.cloudfront.net,server-18-67-17-110.yto50.r.cloudfront.net,server-18-245-86-80.fra60.r.cloudfront.net,server-18-239-36-29.ams58.r.cloudfront.net,
jwpltx.com,server-13-225-78-36.fra2.r.cloudfront.net,server-13-227-74-29.sfo20.r.cloudfront.net,server-18-67-39-21.yto50.r.cloudfront.net,server-13-227-74-75.sfo20.r.cloudfront.net,server-108-158-20-8.syd62.r.cloudfront.net,server-18-239-36-20.ams58.r.cloudfront.net,server-108-157-254-83.sin2.r.cloudfront.net,server-13-225-78-81.fra2.r.cloudfront.net,server-18-164-96-67.jfk50.r.cloudfront.net,server-3-162-125-59.iad61.r.cloudfront.net,server-108-158-61-24.bom78.r.cloudfront.net,server-18-164-96-25.jfk50.r.cloudfront.net,
jwpsrv.com,server-13-227-219-185.ams54.r.cloudfront.net,server-108-156-15-164.hel51.r.cloudfront.net,server-18-244-215-150.sfo53.r.cloudfront.net,server-3-161-81-138.fra56.r.cloudfront.net,server-18-165-97-134.iad55.r.cloudfront.net,server-18-67-14-206.yto50.r.cloudfront.net,server-3-168-114-132.jfk52.r.cloudfront.net,,,,,,
univision.com,ec2-54-85-95-186.compute-1.amazonaws.com,ec2-35-168-95-121.compute-1.amazonaws.com,ec2-54-147-252-136.compute-1.amazonaws.com,ec2-54-162-91-218.compute-1.amazonaws.com,ec2-35-153-48-25.compute-1.amazonaws.com,ec2-34-206-153-188.compute-1.amazonaws.com,ec2-34-203-182-196.compute-1.amazonaws.com,ec2-52-87-10-56.compute-1.amazonaws.com,ec2-3-215-149-202.compute-1.amazonaws.com,,,,
medlineplus.gov,server-108-156-22-61.hel51.r.cloudfront.net,server-18-238-55-11.jfk52.r.cloudfront.net,server-18-245-31-110.fra56.r.cloudfront.net,server-108-156-22-117.hel51.r.cloudfront.net,server-65-8-161-128.sfo53.r.cloudfront.net,server-65-8-161-70.sfo53.r.cloudfront.net,server-13-33-165-14.yto50.r.cloudfront.net,server-18-238-55-126.jfk52.r.cloudfront.net,server-18-239-36-27.ams58.r.cloudfront.net,server-65-8-161-92.sfo53.r.cloudfront.net,server-13-249-39-3.iad89.r.cloudfront.net,,
shiksha.com,a104-117-182-42.deploy.static.akamaitechnologies.com,a96-16-55-22.deploy.static.akamaitechnologies.com,a23-215-176-58.deploy.static.akamaitechnologies.com,a23-52-171-145.deploy.static.akamaitechnologies.com,a104-97-14-73.deploy.static.akamaitechnologies.com,a2-16-168-11.deploy.static.akamaitechnologies.com,a2-18-66-243.deploy.static.akamaitechnologies.com,a104-117-182-194.deploy.static.akamaitechnologies.com,a104-117-182-179.deploy.static.akamaitechnologies.com,a23-45-207-176.deploy.static.akamaitechnologies.com,a23-56-4-203.deploy.static.akamaitechnologies.com,a23-219-155-11.deploy.static.akamaitechnologies.com,a23-40-52-181.deploy.static.akamaitechnologies.com
sprig.com,server-18-66-147-90.fra60.r.cloudfront.net,server-99-84-238-150.sfo5.r.cloudfront.net,server-13-33-165-89.yto50.r.cloudfront.net,server-18-238-243-39.ams58.r.cloudfront.net,server-108-157-254-109.sin2.r.cloudfront.net,server-18-172-78-96.bom78.r.cloudfront.net,server-13-226-94-127.jfk52.r.cloudfront.net,server-52-85-151-66.iad89.r.cloudfront.net,server-13-226-94-110.jfk52.r.cloudfront.net,server-18-66-147-32.fra60.r.cloudfront.net,server-18-67-110-115.syd62.r.cloudfront.net,server-13-226-94-26.jfk52.r.cloudfront.net,
celtra.com,server-3-168-86-75.sfo5.r.cloudfront.net,server-18-239-94-93.ams1.r.cloudfront.net,server-13-33-88-46.sin2.r.cloudfront.net,server-13-33-252-71.jfk50.r.cloudfront.net,server-18-66-147-77.fra60.r.cloudfront.net,server-18-67-17-69.yto50.r.cloudfront.net,server-18-66-147-5.fra60.r.cloudfront.net,server-18-65-244-110.syd3.r.cloudfront.net,server-18-160-18-127.iad12.r.cloudfront.net,server-18-239-111-99.bom54.r.cloudfront.net,server-13-33-252-16.jfk50.r.cloudfront.net,server-3-168-86-7.sfo5.r.cloudfront.net,
smartclip.net,server-108-139-47-67.jfk50.r.cloudfront.net,server-65-9-66-8.fra56.r.cloudfront.net,server-108-156-22-79.hel51.r.cloudfront.net,server-18-67-39-11.yto50.r.cloudfront.net,server-13-32-151-81.iad66.r.cloudfront.net,server-18-239-36-8.ams58.r.cloudfront.net,server-108-139-10-19.sfo5.r.cloudfront.net,server-108-139-10-67.sfo5.r.cloudfront.net,server-108-139-10-103.sfo5.r.cloudfront.net,server-108-139-47-22.jfk50.r.cloudfront.net,server-108-139-47-55.jfk50.r.cloudfront.net,server-65-9-66-100.fra56.r.cloudfront.net,server-108-156-22-24.hel51.r.cloudfront.net
uzh.ch,wb.uzh.ch,ubscenter.uzh.ch,didactica.uzh.ch,phonebook.uzh.ch,neuroscience.uzh.ch,generalsecretariat.uzh.ch,physiol.uzh.ch,fi.uzh.ch,ipz.uzh.ch,oec.uzh.ch,isu.uzh.ch,scm.uzh.ch,chess.uzh.ch
google.mn,ya-in-f94.1e100.net,bom07s35-in-f3.1e100.net,syd09s31-in-f3.1e100.net,ams15s48-in-f3.1e100.net,atl26s14-in-f3.1e100.net,lga25s73-in-f3.1e100.net,ams16s21-in-f195.1e100.net,nuq04s42-in-f3.1e100.net,sb-in-f94.1e100.net,lga34s35-in-f3.1e100.net,yyz12s08-in-f3.1e100.net,fra16s49-in-f3.1e100.net,lga34s32-in-f3.1e100.net
cleanbrowsing.org,cdn-edge-usa-west-la1.noc.org,cdn-edge-australia-sydney1.noc.org,cdn-edge-usa-east-ny1.noc.org,cdn-edge-europe-frankfurt1.noc.org,cdn-edge-asia-singapore1.noc.org,cdn-edge-canada-montreal1.noc.org,cdn-edge-usa-east-chicago1.noc.org,cdn-edge-europe-london1.noc.org,,,,,
google.az,si-in-f147.1e100.net,syd09s25-in-f4.1e100.net,fra16s65-in-f4.1e100.net,nuq04s39-in-f4.1e100.net,lhr48s48-in-f4.1e100.net,lga25s81-in-f4.1e100.net,yyz10s20-in-f4.1e100.net,bom07s32-in-f4.1e100.net,yq-in-f147.1e100.net,lga25s78-in-f4.1e100.net,prg03s05-in-f196.1e100.net,sfo03s21-in-f4.1e100.net,
focus.de,a104-77-150-170.deploy.static.akamaitechnologies.com,a23-3-70-64.deploy.static.akamaitechnologies.com,a23-218-93-176.deploy.static.akamaitechnologies.com,a23-1-240-65.deploy.static.akamaitechnologies.com,a2-16-153-213.deploy.static.akamaitechnologies.com,a23-36-162-11.deploy.static.akamaitechnologies.com,a23-205-255-205.deploy.static.akamaitechnologies.com,a23-46-216-206.deploy.static.akamaitechnologies.com,a23-46-216-203.deploy.static.akamaitechnologies.com,a23-52-40-91.deploy.static.akamaitechnologies.com,a2-16-6-210.deploy.static.akamaitechnologies.com,,
blogspot.ru,ym-in-f191.1e100.net,lhr25s32-in-f9.1e100.net,se-in-f191.1e100.net,ams15s48-in-f9.1e100.net,bom07s35-in-f9.1e100.net,lga25s78-in-f9.1e100.net,sfo03s24-in-f9.1e100.net,fra24s06-in-f9.1e100.net,nuq04s44-in-f9.1e100.net,yyz12s07-in-f9.1e100.net,lga25s77-in-f9.1e100.net,lga25s73-in-f9.1e100.net,syd15s17-in-f9.1e100.net
postman.co,server-13-227-74-81.sfo20.r.cloudfront.net,server-18-239-69-67.ams58.r.cloudfront.net,server-13-32-99-75.fra60.r.cloudfront.net,server-3-162-103-79.iad61.r.cloudfront.net,server-3-171-139-58.jfk52.r.cloudfront.net,server-18-67-17-71.yto50.r.cloudfront.net,server-3-171-139-31.jfk52.r.cloudfront.net,server-18-172-78-75.bom78.r.cloudfront.net,server-18-67-110-109.syd62.r.cloudfront.net,server-13-32-99-107.fra60.r.cloudfront.net,server-13-33-88-59.sin2.r.cloudfront.net,,
cms.gov,a23-209-248-95.deploy.static.akamaitechnologies.com,a23-194-209-71.deploy.static.akamaitechnologies.com,a23-41-253-205.deploy.static.akamaitechnologies.com,a72-246-62-101.deploy.static.akamaitechnologies.com,a23-221-21-95.deploy.static.akamaitechnologies.com,a104-89-118-104.deploy.static.akamaitechnologies.com,a23-52-192-94.deploy.static.akamaitechnologies.com,a104-86-94-100.deploy.static.akamaitechnologies.com,a104-103-226-105.deploy.static.akamaitechnologies.com,a23-10-129-109.deploy.static.akamaitechnologies.com,,,
nme.com,server-18-67-93-60.syd62.r.cloudfront.net,server-18-239-142-18.bom54.r.cloudfront.net,server-18-67-17-81.yto50.r.cloudfront.net,server-18-245-46-69.fra56.r.cloudfront.net,server-3-168-122-58.jfk52.r.cloudfront.net,server-18-238-192-129.sfo53.r.cloudfront.net,server-18-239-36-61.ams58.r.cloudfront.net,server-18-238-192-45.sfo53.r.cloudfront.net,server-3-168-122-52.jfk52.r.cloudfront.net,server-108-138-7-106.fra56.r.cloudfront.net,server-3-165-102-114.sin2.r.cloudfront.net,server-52-85-132-9.iad50.r.cloudfront.net,server-3-168-122-53.jfk52.r.cloudfront.net
reasonsecurity.com,server-13-35-121-45.sfo5.r.cloudfront.net,server-13-35-147-108.syd1.r.cloudfront.net,server-18-238-80-121.jfk52.r.cloudfront.net,server-13-35-238-7.sin2.r.cloudfront.net,server-3-162-3-73.yul62.r.cloudfront.net,server-52-84-205-22.blr50.r.cloudfront.net,server-18-172-153-112.lhr50.r.cloudfront.net,server-13-35-121-74.sfo5.r.cloudfront.net,server-18-238-80-54.jfk52.r.cloudfront.net,server-18-238-243-92.ams58.r.cloudfront.net,server-18-66-122-126.fra60.r.cloudfront.net,server-108-156-152-114.atl58.r.cloudfront.net,
dazn.com,server-13-35-121-70.sfo5.r.cloudfront.net,server-99-86-229-31.iad79.r.cloudfront.net,server-18-172-112-79.fra60.r.cloudfront.net,server-13-225-63-79.ewr53.r.cloudfront.net,server-13-225-63-126.ewr53.r.cloudfront.net,server-18-172-112-113.fra60.r.cloudfront.net,server-108-158-32-39.syd3.r.cloudfront.net,server-13-225-63-26.ewr53.r.cloudfront.net,server-18-239-111-67.bom54.r.cloudfront.net,server-18-239-83-94.ams58.r.cloudfront.net,server-3-165-102-30.sin2.r.cloudfront.net,server-18-67-17-30.yto50.r.cloudfront.net,
livemint.com,a23-204-66-28.deploy.static.akamaitechnologies.com,a23-34-210-144.deploy.static.akamaitechnologies.com,a23-61-113-2.deploy.static.akamaitechnologies.com,a23-54-58-39.deploy.static.akamaitechnologies.com,a23-35-188-253.deploy.static.akamaitechnologies.com,a23-56-163-25.deploy.static.akamaitechnologies.com,a104-75-90-18.deploy.static.akamaitechnologies.com,a2-22-70-27.deploy.static.akamaitechnologies.com,a184-30-157-13.deploy.static.akamaitechnologies.com,a23-37-16-252.deploy.static.akamaitechnologies.com,,,
weather.gov,a23-44-0-75.deploy.static.akamaitechnologies.com,a23-216-72-10.deploy.static.akamaitechnologies.com,a184-30-248-20.deploy.static.akamaitechnologies.com,a23-196-44-171.deploy.static.akamaitechnologies.com,a23-61-112-15.deploy.static.akamaitechnologies.com,a23-37-16-17.deploy.static.akamaitechnologies.com,a23-41-168-15.deploy.static.akamaitechnologies.com,a2-21-40-13.deploy.static.akamaitechnologies.com,a69-192-160-15.deploy.static.akamaitechnologies.com,,,,
alltrails.com,server-13-225-63-48.ewr53.r.cloudfront.net,server-3-162-103-23.iad61.r.cloudfront.net,server-18-239-83-85.ams58.r.cloudfront.net,server-65-8-161-17.sfo53.r.cloudfront.net,server-108-158-32-77.syd3.r.cloudfront.net,server-13-32-27-80.fra56.r.cloudfront.net,server-13-32-27-61.fra56.r.cloudfront.net,server-18-67-17-109.yto50.r.cloudfront.net,server-13-35-238-41.sin2.r.cloudfront.net,server-65-8-161-11.sfo53.r.cloudfront.net,server-18-172-64-118.bom78.r.cloudfront.net,server-13-225-63-67.ewr53.r.cloudfront.net,
fidelity.com,a95-101-74-122.deploy.static.akamaitechnologies.com,a23-205-255-228.deploy.static.akamaitechnologies.com,a23-49-248-19.deploy.static.akamaitechnologies.com,a2-19-248-94.deploy.static.akamaitechnologies.com,aac3080df2edf6ea2.awsglobalaccelerator.com,a23-48-105-8.deploy.static.akamaitechnologies.com,a23-11-215-153.deploy.static.akamaitechnologies.com,a23-48-224-79.deploy.static.akamaitechnologies.com,a23-32-29-11.deploy.static.akamaitechnologies.com,,,,
lnk.to,ec2-54-227-150-48.compute-1.amazonaws.com,ec2-54-76-188-55.eu-west-1.compute.amazonaws.com,ec2-54-66-102-38.ap-southeast-2.compute.amazonaws.com,ec2-44-206-90-74.compute-1.amazonaws.com,ec2-3-82-123-191.compute-1.amazonaws.com,ec2-13-54-144-184.ap-southeast-2.compute.amazonaws.com,ec2-34-202-136-234.compute-1.amazonaws.com,ec2-54-170-148-233.eu-west-1.compute.amazonaws.com,ec2-50-19-42-162.compute-1.amazonaws.com,ec2-34-252-228-47.eu-west-1.compute.amazonaws.com,ec2-54-170-146-184.eu-west-1.compute.amazonaws.com,,
lijit.com,server-52-222-144-100.mrs52.r.cloudfront.net,server-13-226-34-53.ewr53.r.cloudfront.net,server-13-226-34-129.ewr53.r.cloudfront.net,server-18-155-192-122.sfo53.r.cloudfront.net,server-18-155-192-94.sfo53.r.cloudfront.net,server-13-226-228-41.lax50.r.cloudfront.net,server-18-239-50-2.ams58.r.cloudfront.net,server-18-164-52-46.cdg50.r.cloudfront.net,server-3-162-3-3.yul62.r.cloudfront.net,server-18-245-253-24.lhr5.r.cloudfront.net,server-13-226-34-36.ewr53.r.cloudfront.net,server-13-32-230-5.atl56.r.cloudfront.net,server-18-244-18-16.fra56.r.cloudfront.net
studentaid.gov,a2-22-5-46.deploy.static.akamaitechnologies.com,a23-35-229-4.deploy.static.akamaitechnologies.com,a23-41-169-55.deploy.static.akamaitechnologies.com,a104-99-48-246.deploy.static.akamaitechnologies.com,a104-123-41-120.deploy.static.akamaitechnologies.com,a23-54-201-6.deploy.static.akamaitechnologies.com,a184-25-161-22.deploy.static.akamaitechnologies.com,a104-83-197-13.deploy.static.akamaitechnologies.com,a23-34-210-53.deploy.static.akamaitechnologies.com,a104-116-104-223.deploy.static.akamaitechnologies.com,,,
widgetable.net,ec2-52-44-189-107.compute-1.amazonaws.com,ec2-34-235-228-25.compute-1.amazonaws.com,ec2-18-233-220-126.compute-1.amazonaws.com,ec2-44-199-50-123.compute-1.amazonaws.com,ec2-34-233-30-96.compute-1.amazonaws.com,ec2-52-7-123-121.compute-1.amazonaws.com,ec2-54-167-196-17.compute-1.amazonaws.com,ec2-107-23-223-45.compute-1.amazonaws.com,ec2-54-160-101-0.compute-1.amazonaws.com,,,,
publico.pt,server-108-159-61-82.bom78.r.cloudfront.net,server-13-225-78-7.fra2.r.cloudfront.net,server-13-35-147-108.syd1.r.cloudfront.net,server-13-249-91-100.jfk52.r.cloudfront.net,server-13-225-4-60.sin52.r.cloudfront.net,server-13-249-91-60.jfk52.r.cloudfront.net,server-13-249-91-83.jfk52.r.cloudfront.net,server-18-173-121-37.sfo53.r.cloudfront.net,server-13-225-78-62.fra2.r.cloudfront.net,server-18-173-121-11.sfo53.r.cloudfront.net,server-18-245-96-54.yto50.r.cloudfront.net,server-18-238-243-63.ams58.r.cloudfront.net,server-18-160-10-66.iad12.r.cloudfront.net
fotmob.com,server-18-172-78-37.bom78.r.cloudfront.net,server-18-238-49-110.jfk52.r.cloudfront.net,server-13-33-165-35.yto50.r.cloudfront.net,server-18-244-18-81.fra56.r.cloudfront.net,server-18-173-121-57.sfo53.r.cloudfront.net,server-18-244-18-18.fra56.r.cloudfront.net,server-18-67-110-126.syd62.r.cloudfront.net,server-3-167-37-58.iad61.r.cloudfront.net,server-18-239-83-50.ams58.r.cloudfront.net,server-13-33-88-44.sin2.r.cloudfront.net,server-18-238-49-108.jfk52.r.cloudfront.net,,
zahid.host,in2.zahid.host,us3.zahid.host,au1.zahid.host,uk2.zahid.host,ca1.zahid.host,quiveredge.com,de1.zahid.host,nl1.zahid.host,sg1.zahid.host,,,,
lsu.edu,fss.lsu.edu,english.lsu.edu,lsustorm.net,lgs.lsu.edu,lsu.com,pathways.lsu.edu,1650-1850.net,enrg.lsu.edu,lsuservestheworld.net,sncsrt.lsu.edu,coa.lsu.edu,camd.lsu.edu,
theknot.com,a104-114-83-106.deploy.static.akamaitechnologies.com,a184-25-75-32.deploy.static.akamaitechnologies.com,a104-103-201-105.deploy.static.akamaitechnologies.com,a23-56-120-86.deploy.static.akamaitechnologies.com,a23-204-0-20.deploy.static.akamaitechnologies.com,a184-87-35-178.deploy.static.akamaitechnologies.com,a125-252-231-57.deploy.static.akamaitechnologies.com,a23-45-108-47.deploy.static.akamaitechnologies.com,a23-38-25-242.deploy.static.akamaitechnologies.com,a104-68-22-75.deploy.static.akamaitechnologies.com,,,
google.sm,sl-in-f147.1e100.net,lga25s78-in-f4.1e100.net,mad08s04-in-f4.1e100.net,lcfraa-aa-in-f4.1e100.net,yv-in-f106.1e100.net,lga25s79-in-f4.1e100.net,sfo03s25-in-f4.1e100.net,yyz10s20-in-f4.1e100.net,bom07s32-in-f4.1e100.net,ams15s42-in-f4.1e100.net,lga25s80-in-f4.1e100.net,sfo03s33-in-f4.1e100.net,syd09s24-in-f4.1e100.net
appfolio.com,server-18-165-140-12.hel51.r.cloudfront.net,server-3-168-86-117.sfo5.r.cloudfront.net,server-13-35-93-70.jfk50.r.cloudfront.net,server-13-32-27-28.fra56.r.cloudfront.net,server-3-168-86-125.sfo5.r.cloudfront.net,server-18-165-140-48.hel51.r.cloudfront.net,server-18-239-36-24.ams58.r.cloudfront.net,server-3-164-92-96.yto53.r.cloudfront.net,server-3-168-86-123.sfo5.r.cloudfront.net,server-99-86-229-9.iad79.r.cloudfront.net,server-13-35-93-46.jfk50.r.cloudfront.net,,
cdc.gov,vaccine.gov,actagainstaids.org,vaccines.gov,knowitsniosh.niosh.gov,vacunas.gov,vacines.gov,howrightnow.org,cdc.gov,,,,,
betclic.ci,server-13-35-210-14.sin2.r.cloudfront.net,server-13-35-210-37.sin2.r.cloudfront.net,server-99-84-238-117.sfo5.r.cloudfront.net,server-18-160-10-38.iad12.r.cloudfront.net,server-13-227-138-36.bom50.r.cloudfront.net,server-18-245-31-110.fra56.r.cloudfront.net,server-13-33-165-7.yto50.r.cloudfront.net,server-18-164-96-72.jfk50.r.cloudfront.net,server-99-84-238-106.sfo5.r.cloudfront.net,server-18-164-96-78.jfk50.r.cloudfront.net,server-108-156-60-40.ams1.r.cloudfront.net,server-18-245-31-123.fra56.r.cloudfront.net,
google.lt,syd09s31-in-f3.1e100.net,ams15s41-in-f3.1e100.net,lhr48s27-in-f3.1e100.net,yx-in-f94.1e100.net,fra16s48-in-f3.1e100.net,lga25s73-in-f3.1e100.net,sfo03s25-in-f3.1e100.net,lga34s38-in-f3.1e100.net,sfo03s24-in-f3.1e100.net,sh-in-f94.1e100.net,yyz12s08-in-f3.1e100.net,lax30s03-in-f3.1e100.net,bom07s25-in-f3.1e100.net
ritzcarlton.com,a23-60-108-116.deploy.static.akamaitechnologies.com,a184-51-96-120.deploy.static.akamaitechnologies.com,a23-41-168-88.deploy.static.akamaitechnologies.com,a23-218-208-86.deploy.static.akamaitechnologies.com,a104-123-40-86.deploy.static.akamaitechnologies.com,a2-22-4-106.deploy.static.akamaitechnologies.com,a104-99-48-116.deploy.static.akamaitechnologies.com,a23-33-180-91.deploy.static.akamaitechnologies.com,a23-56-162-123.deploy.static.akamaitechnologies.com,a104-116-104-103.deploy.static.akamaitechnologies.com,a184-29-118-133.deploy.static.akamaitechnologies.com,,
netlify.app,ec2-13-228-199-255.ap-southeast-1.compute.amazonaws.com,ec2-44-217-161-11.compute-1.amazonaws.com,ec2-13-57-148-141.us-west-1.compute.amazonaws.com,ec2-54-84-236-175.compute-1.amazonaws.com,ec2-35-156-224-161.eu-central-1.compute.amazonaws.com,ec2-50-18-142-31.us-west-1.compute.amazonaws.com,ec2-100-28-201-155.compute-1.amazonaws.com,ec2-13-251-96-10.ap-southeast-1.compute.amazonaws.com,ec2-3-125-36-175.eu-central-1.compute.amazonaws.com,ec2-3-124-100-143.eu-central-1.compute.amazonaws.com,ec2-44-219-53-183.compute-1.amazonaws.com,ec2-3-24-66-78.ap-southeast-2.compute.amazonaws.com,ec2-18-213-222-111.compute-1.amazonaws.com
wa.me,whatsapp-cdn-shv-02-fra3.fbcdn.net,whatsapp-cdn-shv-01-atl3.fbcdn.net,whatsapp-cdn-shv-02-lhr8.fbcdn.net,whatsapp-cdn-shv-01-ams4.fbcdn.net,whatsapp-cdn-shv-01-lga3.fbcdn.net,whatsapp-cdn-shv-04-sin6.fbcdn.net,whatsapp-cdn-shv-01-yyz1.fbcdn.net,whatsapp-cdn-shv-02-pnq1.fbcdn.net,whatsapp-cdn-shv-01-sjc3.fbcdn.net,whatsapp-cdn-shv-02-lga3.fbcdn.net,whatsapp-cdn-shv-01-syd2.fbcdn.net,,
google.sh,lga34s40-in-f3.1e100.net,ym-in-f94.1e100.net,ams15s48-in-f3.1e100.net,lga25s73-in-f3.1e100.net,syd09s25-in-f3.1e100.net,bom07s36-in-f3.1e100.net,yyz12s07-in-f3.1e100.net,lga34s35-in-f3.1e100.net,nuq04s45-in-f3.1e100.net,lga25s80-in-f3.1e100.net,lhr25s32-in-f3.1e100.net,sa-in-f94.1e100.net,
google.ae,ya-in-f94.1e100.net,nuq04s39-in-f3.1e100.net,lga34s39-in-f3.1e100.net,ams15s44-in-f3.1e100.net,lga25s77-in-f3.1e100.net,syd15s06-in-f3.1e100.net,yyz12s07-in-f3.1e100.net,bom12s14-in-f3.1e100.net,fra24s08-in-f3.1e100.net,se-in-f94.1e100.net,sfo03s18-in-f3.1e100.net,lhr48s28-in-f3.1e100.net,lga25s81-in-f3.1e100.net
freshchat.com,server-18-65-244-20.syd3.r.cloudfront.net,server-108-158-46-109.bom78.r.cloudfront.net,server-13-33-88-118.sin2.r.cloudfront.net,server-18-67-39-122.yto50.r.cloudfront.net,server-18-155-192-65.sfo53.r.cloudfront.net,server-18-155-192-128.sfo53.r.cloudfront.net,server-13-32-27-61.fra56.r.cloudfront.net,server-18-239-69-112.ams58.r.cloudfront.net,server-3-162-112-113.iad61.r.cloudfront.net,server-18-238-55-77.jfk52.r.cloudfront.net,server-18-238-55-61.jfk52.r.cloudfront.net,server-18-238-55-82.jfk52.r.cloudfront.net,
khelo24bet.com,ec2-18-194-221-214.eu-central-1.compute.amazonaws.com,ec2-35-156-209-204.eu-central-1.compute.amazonaws.com,ec2-35-158-228-203.eu-central-1.compute.amazonaws.com,ec2-3-67-246-233.eu-central-1.compute.amazonaws.com,ec2-52-28-78-43.eu-central-1.compute.amazonaws.com,ec2-3-76-73-182.eu-central-1.compute.amazonaws.com,ec2-3-64-186-217.eu-central-1.compute.amazonaws.com,ec2-3-124-67-144.eu-central-1.compute.amazonaws.com,,,,,
googleoptimize.com,fra24s12-in-f14.1e100.net,nuq04s42-in-f14.1e100.net,ams15s41-in-f14.1e100.net,lga34s32-in-f14.1e100.net,lhr25s34-in-f14.1e100.net,bom12s19-in-f14.1e100.net,sc-in-f139.1e100.net,syd15s17-in-f14.1e100.net,lga25s81-in-f14.1e100.net,lga25s78-in-f14.1e100.net,yyz12s06-in-f14.1e100.net,nuq04s43-in-f14.1e100.net,ya-in-f113.1e100.net
99acres.com,a23-45-207-168.deploy.static.akamaitechnologies.com,a104-117-182-42.deploy.static.akamaitechnologies.com,a23-52-171-145.deploy.static.akamaitechnologies.com,a104-97-14-73.deploy.static.akamaitechnologies.com,a104-86-110-192.deploy.static.akamaitechnologies.com,a2-16-168-11.deploy.static.akamaitechnologies.com,a104-117-182-194.deploy.static.akamaitechnologies.com,a72-247-176-8.deploy.static.akamaitechnologies.com,a104-117-182-179.deploy.static.akamaitechnologies.com,a23-33-32-129.deploy.static.akamaitechnologies.com,a96-16-55-41.deploy.static.akamaitechnologies.com,a23-40-52-181.deploy.static.akamaitechnologies.com,a23-43-242-131.deploy.static.akamaitechnologies.com
google.com.ni,nuq04s39-in-f3.1e100.net,ym-in-f94.1e100.net,lga34s37-in-f3.1e100.net,lga34s39-in-f3.1e100.net,sfo03s25-in-f3.1e100.net,syd15s16-in-f3.1e100.net,bom12s15-in-f3.1e100.net,yyz12s07-in-f3.1e100.net,ams16s21-in-f3.1e100.net,fra24s05-in-f3.1e100.net,lga25s72-in-f3.1e100.net,ams15s41-in-f3.1e100.net,sa-in-f94.1e100.net
pluto.tv,ec2-52-72-182-15.compute-1.amazonaws.com,ec2-52-5-139-236.compute-1.amazonaws.com,ec2-34-193-35-255.compute-1.amazonaws.com,ec2-54-166-51-207.compute-1.amazonaws.com,ec2-23-22-201-252.compute-1.amazonaws.com,ec2-54-92-195-59.compute-1.amazonaws.com,ec2-35-169-27-211.compute-1.amazonaws.com,ec2-23-21-24-6.compute-1.amazonaws.com,ec2-34-231-213-39.compute-1.amazonaws.com,ec2-54-174-1-16.compute-1.amazonaws.com,ec2-3-81-199-57.compute-1.amazonaws.com,ec2-52-1-107-196.compute-1.amazonaws.com,
privacymanager.io,server-52-85-132-10.iad50.r.cloudfront.net,server-3-161-82-121.fra56.r.cloudfront.net,server-18-164-96-121.jfk50.r.cloudfront.net,server-13-227-254-92.sin52.r.cloudfront.net,server-18-239-50-87.ams58.r.cloudfront.net,server-3-161-82-119.fra56.r.cloudfront.net,server-18-164-96-28.jfk50.r.cloudfront.net,server-108-159-61-59.bom78.r.cloudfront.net,server-18-155-202-68.sfo53.r.cloudfront.net,server-13-33-165-53.yto50.r.cloudfront.net,server-18-155-202-102.sfo53.r.cloudfront.net,server-18-65-244-99.syd3.r.cloudfront.net,
google.co.uk,lga25s79-in-f3.1e100.net,syd09s31-in-f3.1e100.net,zrh04s05-in-f99.1e100.net,lhr25s31-in-f3.1e100.net,atl26s14-in-f3.1e100.net,ams15s44-in-f3.1e100.net,yi-in-f94.1e100.net,yyz12s07-in-f3.1e100.net,sb-in-f94.1e100.net,lga34s35-in-f3.1e100.net,sfo03s21-in-f3.1e100.net,lga25s72-in-f3.1e100.net,bom07s29-in-f3.1e100.net
elpais.com,a23-223-209-19.deploy.static.akamaitechnologies.com,a23-223-209-78.deploy.static.akamaitechnologies.com,a23-46-187-168.deploy.static.akamaitechnologies.com,a96-16-53-155.deploy.static.akamaitechnologies.com,a23-45-207-177.deploy.static.akamaitechnologies.com,a23-223-17-168.deploy.static.akamaitechnologies.com,a23-206-242-178.deploy.static.akamaitechnologies.com,a23-62-46-102.deploy.static.akamaitechnologies.com,a193-108-153-12.deploy.static.akamaitechnologies.com,a96-7-224-161.deploy.static.akamaitechnologies.com,a23-67-33-151.deploy.static.akamaitechnologies.com,a2-18-66-32.deploy.static.akamaitechnologies.com,
id5-sync.com,ns3216659.ip-141-95-98.eu,ns31532338.ip-162-19-138.eu,ns31533568.ip-162-19-138.eu,ns3203256.ip-141-95-33.eu,ns31532337.ip-162-19-138.eu,ns31533569.ip-162-19-138.eu,ns31533570.ip-162-19-138.eu,ns31533571.ip-162-19-138.eu,ns31533567.ip-162-19-138.eu,,,,
adrta.com,ec2-52-11-129-72.us-west-2.compute.amazonaws.com,ec2-34-204-150-124.compute-1.amazonaws.com,ec2-44-240-122-106.us-west-2.compute.amazonaws.com,ec2-54-224-177-174.compute-1.amazonaws.com,ec2-52-22-71-141.compute-1.amazonaws.com,ec2-18-205-13-71.compute-1.amazonaws.com,ec2-54-227-245-2.compute-1.amazonaws.com,ec2-54-236-125-183.compute-1.amazonaws.com,ec2-35-85-24-243.us-west-2.compute.amazonaws.com,,,,
priceoye.pk,server-3-168-86-49.sfo5.r.cloudfront.net,server-13-32-208-63.iad66.r.cloudfront.net,server-18-155-68-119.sin52.r.cloudfront.net,server-3-168-73-11.jfk50.r.cloudfront.net,server-3-168-73-12.jfk50.r.cloudfront.net,server-18-239-50-107.ams58.r.cloudfront.net,server-13-225-78-42.fra2.r.cloudfront.net,server-3-168-86-73.sfo5.r.cloudfront.net,server-108-159-80-72.bom78.r.cloudfront.net,server-18-67-110-74.syd62.r.cloudfront.net,server-13-33-165-42.yto50.r.cloudfront.net,server-3-168-73-114.jfk50.r.cloudfront.net,
statista.com,server-99-86-4-103.fra6.r.cloudfront.net,server-52-85-151-33.iad89.r.cloudfront.net,server-18-239-36-105.ams58.r.cloudfront.net,server-3-164-92-24.yto53.r.cloudfront.net,server-13-35-210-113.sin2.r.cloudfront.net,server-99-86-4-39.fra6.r.cloudfront.net,server-108-138-106-99.jfk50.r.cloudfront.net,server-108-138-106-98.jfk50.r.cloudfront.net,server-108-158-20-45.syd62.r.cloudfront.net,server-108-159-61-67.bom78.r.cloudfront.net,server-108-138-106-41.jfk50.r.cloudfront.net,server-18-155-202-65.sfo53.r.cloudfront.net,
india.com,a23-209-46-132.deploy.static.akamaitechnologies.com,a23-50-131-143.deploy.static.akamaitechnologies.com,a23-205-255-236.deploy.static.akamaitechnologies.com,a23-34-59-16.deploy.static.akamaitechnologies.com,a23-216-149-135.deploy.static.akamaitechnologies.com,a23-206-243-51.deploy.static.akamaitechnologies.com,a2-18-27-145.deploy.static.akamaitechnologies.com,a23-46-216-200.deploy.static.akamaitechnologies.com,a104-110-191-33.deploy.static.akamaitechnologies.com,a23-34-59-4.deploy.static.akamaitechnologies.com,a23-201-47-185.deploy.static.akamaitechnologies.com,a23-1-33-15.deploy.static.akamaitechnologies.com,
idc.com,server-13-32-121-86.fra60.r.cloudfront.net,server-3-168-122-120.jfk52.r.cloudfront.net,server-18-65-244-37.syd3.r.cloudfront.net,server-18-244-214-71.sfo53.r.cloudfront.net,server-18-155-68-111.sin52.r.cloudfront.net,server-3-168-122-62.jfk52.r.cloudfront.net,server-3-168-122-77.jfk52.r.cloudfront.net,server-18-239-50-83.ams58.r.cloudfront.net,server-18-66-41-36.bom78.r.cloudfront.net,server-3-164-92-48.yto53.r.cloudfront.net,server-18-67-76-95.iad89.r.cloudfront.net,server-18-244-214-68.sfo53.r.cloudfront.net,
pixlr.com,server-18-238-49-104.jfk52.r.cloudfront.net,server-99-86-4-57.fra6.r.cloudfront.net,server-18-67-39-105.yto50.r.cloudfront.net,server-13-33-88-29.sin2.r.cloudfront.net,server-18-238-49-23.jfk52.r.cloudfront.net,server-13-35-121-129.sfo5.r.cloudfront.net,server-18-66-57-97.bom78.r.cloudfront.net,server-18-67-93-125.syd62.r.cloudfront.net,server-99-86-4-80.fra6.r.cloudfront.net,server-52-85-151-56.iad89.r.cloudfront.net,server-18-239-36-66.ams58.r.cloudfront.net,,
fb.watch,edge-star-shv-02-pnq1.facebook.com,edge-star-shv-01-syd2.facebook.com,edge-star-shv-01-yyz1.facebook.com,edge-star-shv-01-fra3.facebook.com,edge-star-shv-02-lhr8.facebook.com,edge-star-shv-01-lga3.facebook.com,edge-star-shv-01-atl3.facebook.com,edge-star-shv-02-lga3.facebook.com,edge-star-shv-01-ams2.facebook.com,edge-star-shv-01-sjc3.facebook.com,edge-star-shv-04-sin6.facebook.com,,
adevarul.ro,server-18-173-219-39.jfk52.r.cloudfront.net,server-18-67-39-101.yto50.r.cloudfront.net,server-108-156-22-83.hel51.r.cloudfront.net,server-18-66-112-74.fra56.r.cloudfront.net,server-18-155-192-105.sfo53.r.cloudfront.net,server-18-173-219-33.jfk52.r.cloudfront.net,server-18-239-94-91.ams1.r.cloudfront.net,server-18-66-112-118.fra56.r.cloudfront.net,server-52-85-49-116.hel50.r.cloudfront.net,server-18-67-65-129.iad89.r.cloudfront.net,server-18-155-192-81.sfo53.r.cloudfront.net,,
google.sn,syd15s17-in-f3.1e100.net,sc-in-f94.1e100.net,lga34s30-in-f3.1e100.net,yyz12s06-in-f3.1e100.net,nuq04s44-in-f3.1e100.net,ams15s42-in-f3.1e100.net,fra16s50-in-f3.1e100.net,lhr25s33-in-f3.1e100.net,yo-in-f94.1e100.net,bom12s21-in-f3.1e100.net,nuq04s43-in-f3.1e100.net,lga25s73-in-f3.1e100.net,lga25s81-in-f3.1e100.net
booking.com,server-18-67-17-67.yto50.r.cloudfront.net,server-18-172-64-69.bom78.r.cloudfront.net,server-108-138-64-79.iad12.r.cloudfront.net,server-18-245-60-76.fra60.r.cloudfront.net,server-52-85-61-78.ewr53.r.cloudfront.net,server-108-158-20-9.syd62.r.cloudfront.net,server-52-85-61-64.ewr53.r.cloudfront.net,server-18-239-199-14.sfo53.r.cloudfront.net,server-18-245-60-68.fra60.r.cloudfront.net,server-108-157-254-54.sin2.r.cloudfront.net,server-18-65-39-125.ams1.r.cloudfront.net,server-52-85-61-119.ewr53.r.cloudfront.net,
google.ms,syd09s25-in-f4.1e100.net,lga34s40-in-f4.1e100.net,sfo03s27-in-f4.1e100.net,yyz10s17-in-f4.1e100.net,lhr48s48-in-f4.1e100.net,fra16s49-in-f4.1e100.net,ya-in-f106.1e100.net,sh-in-f106.1e100.net,lga25s72-in-f4.1e100.net,bom12s17-in-f4.1e100.net,nuq04s45-in-f4.1e100.net,ams17s10-in-f4.1e100.net,
accuweather.com,a104-114-71-74.deploy.static.akamaitechnologies.com,a23-203-73-247.deploy.static.akamaitechnologies.com,a23-41-180-246.deploy.static.akamaitechnologies.com,a23-206-222-107.deploy.static.akamaitechnologies.com,a23-218-64-240.deploy.static.akamaitechnologies.com,a23-40-161-49.deploy.static.akamaitechnologies.com,a104-89-224-71.deploy.static.akamaitechnologies.com,a23-47-11-54.deploy.static.akamaitechnologies.com,a23-201-163-89.deploy.static.akamaitechnologies.com,a23-52-124-75.deploy.static.akamaitechnologies.com,,,
banco.bradesco,a23-206-243-8.deploy.static.akamaitechnologies.com,a104-76-210-209.deploy.static.akamaitechnologies.com,a23-205-255-231.deploy.static.akamaitechnologies.com,a104-86-110-115.deploy.static.akamaitechnologies.com,a23-216-149-134.deploy.static.akamaitechnologies.com,a104-110-191-5.deploy.static.akamaitechnologies.com,a23-11-215-155.deploy.static.akamaitechnologies.com,a2-17-100-243.deploy.static.akamaitechnologies.com,a23-216-149-155.deploy.static.akamaitechnologies.com,a23-34-59-35.deploy.static.akamaitechnologies.com,a23-34-59-19.deploy.static.akamaitechnologies.com,a23-44-4-153.deploy.static.akamaitechnologies.com,
istockphoto.com,server-18-67-17-70.yto50.r.cloudfront.net,server-108-158-61-82.bom78.r.cloudfront.net,server-18-173-219-20.jfk52.r.cloudfront.net,server-18-239-83-119.ams58.r.cloudfront.net,server-52-85-132-92.iad50.r.cloudfront.net,server-3-165-82-62.sin2.r.cloudfront.net,server-13-35-147-6.syd1.r.cloudfront.net,server-108-139-10-45.sfo5.r.cloudfront.net,server-13-225-78-114.fra2.r.cloudfront.net,server-52-222-236-7.fra56.r.cloudfront.net,server-18-173-219-82.jfk52.r.cloudfront.net,server-108-139-10-71.sfo5.r.cloudfront.net,
fws.gov,a92-123-26-139.deploy.static.akamaitechnologies.com,a23-212-62-197.deploy.static.akamaitechnologies.com,a95-101-111-179.deploy.static.akamaitechnologies.com,a23-200-88-78.deploy.static.akamaitechnologies.com,a23-11-215-146.deploy.static.akamaitechnologies.com,a23-216-149-145.deploy.static.akamaitechnologies.com,a23-40-52-4.deploy.static.akamaitechnologies.com,a23-196-3-194.deploy.static.akamaitechnologies.com,a23-1-33-14.deploy.static.akamaitechnologies.com,a23-205-255-231.deploy.static.akamaitechnologies.com,a23-209-46-142.deploy.static.akamaitechnologies.com,a23-44-203-69.deploy.static.akamaitechnologies.com,a2-16-6-6.deploy.static.akamaitechnologies.com
pbskids.org,server-18-67-76-22.iad89.r.cloudfront.net,server-18-239-69-115.ams58.r.cloudfront.net,server-52-85-61-65.ewr53.r.cloudfront.net,server-18-239-199-111.sfo53.r.cloudfront.net,server-18-239-199-37.sfo53.r.cloudfront.net,server-52-85-61-76.ewr53.r.cloudfront.net,server-3-164-68-52.hel51.r.cloudfront.net,server-13-32-27-95.fra56.r.cloudfront.net,server-18-67-39-37.yto50.r.cloudfront.net,server-3-164-68-45.hel51.r.cloudfront.net,server-52-85-61-36.ewr53.r.cloudfront.net,,
illinois.gov,www.dnr.illinois.gov,radon.illinois.gov,edge.dceo.illinois.gov,ceo2010.partner.illinois.gov,www.link.illinois.gov,www.historicspringfield.dnr.illinois.gov,rev.portal.illinois.gov,dph.portal.illinois.gov,www.idfpr.illinois.gov,www.idot.illinois.gov,getcoveredillinois.gov,summit.iema.illinois.gov,
nwwrtbbit.com,static.181.224.63.178.clients.your-server.de,static.235.243.63.178.clients.your-server.de,static.187.224.63.178.clients.your-server.de,static.237.243.63.178.clients.your-server.de,static.190.224.63.178.clients.your-server.de,static.238.243.63.178.clients.your-server.de,static.189.224.63.178.clients.your-server.de,,,,,,
argos.co.uk,a23-44-111-26.deploy.static.akamaitechnologies.com,a23-48-224-82.deploy.static.akamaitechnologies.com,a23-67-33-39.deploy.static.akamaitechnologies.com,a104-102-244-57.deploy.static.akamaitechnologies.com,a95-101-74-100.deploy.static.akamaitechnologies.com,a23-200-88-82.deploy.static.akamaitechnologies.com,a23-216-149-153.deploy.static.akamaitechnologies.com,a23-48-165-152.deploy.static.akamaitechnologies.com,a23-45-46-174.deploy.static.akamaitechnologies.com,a23-193-114-80.deploy.static.akamaitechnologies.com,a23-213-161-220.deploy.static.akamaitechnologies.com,a104-88-71-48.deploy.static.akamaitechnologies.com,a23-212-249-217.deploy.static.akamaitechnologies.com
google.md,sd-in-f99.1e100.net,lga34s34-in-f4.1e100.net,fra16s49-in-f4.1e100.net,pnbomb-ab-in-f4.1e100.net,ams15s44-in-f4.1e100.net,lga25s73-in-f4.1e100.net,nuq04s42-in-f4.1e100.net,lhr48s30-in-f4.1e100.net,yyz10s20-in-f4.1e100.net,syd09s31-in-f4.1e100.net,yx-in-f105.1e100.net,lga25s74-in-f4.1e100.net,nuq04s35-in-f4.1e100.net
magicbricks.com,a2-17-100-211.deploy.static.akamaitechnologies.com,a23-216-149-206.deploy.static.akamaitechnologies.com,a96-17-180-163.deploy.static.akamaitechnologies.com,a2-16-128-200.deploy.static.akamaitechnologies.com,a23-208-29-161.deploy.static.akamaitechnologies.com,a23-72-254-28.deploy.static.akamaitechnologies.com,a23-201-47-233.deploy.static.akamaitechnologies.com,a23-40-18-72.deploy.static.akamaitechnologies.com,a23-47-204-135.deploy.static.akamaitechnologies.com,a23-205-255-96.deploy.static.akamaitechnologies.com,,,
ncaa.com,a23-204-21-145.deploy.static.akamaitechnologies.com,a23-50-87-94.deploy.static.akamaitechnologies.com,a104-100-76-64.deploy.static.akamaitechnologies.com,a23-10-181-156.deploy.static.akamaitechnologies.com,a23-56-206-240.deploy.static.akamaitechnologies.com,a184-29-197-159.deploy.static.akamaitechnologies.com,a104-74-53-155.deploy.static.akamaitechnologies.com,a23-4-184-242.deploy.static.akamaitechnologies.com,a23-57-53-159.deploy.static.akamaitechnologies.com,a104-103-205-219.deploy.static.akamaitechnologies.com,,,
epicgames.dev,ec2-52-22-16-149.compute-1.amazonaws.com,ec2-34-202-51-91.compute-1.amazonaws.com,ec2-18-233-51-26.compute-1.amazonaws.com,ec2-3-228-211-137.compute-1.amazonaws.com,ec2-54-172-238-136.compute-1.amazonaws.com,ec2-52-7-171-204.compute-1.amazonaws.com,ec2-54-235-205-189.compute-1.amazonaws.com,ec2-52-20-203-63.compute-1.amazonaws.com,ec2-54-227-215-85.compute-1.amazonaws.com,,,,
google.je,fra16s53-in-f4.1e100.net,si-in-f104.1e100.net,yyz10s17-in-f4.1e100.net,nuq04s43-in-f4.1e100.net,lga25s79-in-f4.1e100.net,yr-in-f106.1e100.net,lga25s78-in-f4.1e100.net,bom07s33-in-f4.1e100.net,ams17s09-in-f4.1e100.net,lhr25s32-in-f4.1e100.net,sfo03s33-in-f4.1e100.net,lga25s74-in-f4.1e100.net,syd09s24-in-f4.1e100.net
purestorage.com,server-108-157-254-81.sin2.r.cloudfront.net,server-18-239-199-101.sfo53.r.cloudfront.net,server-13-35-147-113.syd1.r.cloudfront.net,server-18-67-39-60.yto50.r.cloudfront.net,server-18-164-124-110.jfk50.r.cloudfront.net,server-18-66-57-85.bom78.r.cloudfront.net,server-99-86-229-88.iad79.r.cloudfront.net,server-18-164-124-103.jfk50.r.cloudfront.net,server-18-239-199-81.sfo53.r.cloudfront.net,server-18-245-46-36.fra56.r.cloudfront.net,server-108-156-60-20.ams1.r.cloudfront.net,,
espncdn.com,ec2-54-194-243-254.eu-west-1.compute.amazonaws.com,ec2-3-209-20-224.compute-1.amazonaws.com,ec2-3-220-23-11.compute-1.amazonaws.com,ec2-54-160-26-162.compute-1.amazonaws.com,ec2-18-246-206-68.us-west-2.compute.amazonaws.com,ec2-54-73-247-146.eu-west-1.compute.amazonaws.com,ec2-3-225-38-88.compute-1.amazonaws.com,ec2-18-232-205-230.compute-1.amazonaws.com,ec2-35-164-161-18.us-west-2.compute.amazonaws.com,ec2-54-212-143-252.us-west-2.compute.amazonaws.com,,,
paa-reporting-advertising.amazon,server-18-245-86-33.fra60.r.cloudfront.net,server-108-158-20-85.syd62.r.cloudfront.net,server-13-226-34-14.ewr53.r.cloudfront.net,server-99-84-191-38.iad89.r.cloudfront.net,server-99-84-238-165.sfo5.r.cloudfront.net,server-18-239-18-126.ams58.r.cloudfront.net,server-99-84-238-151.sfo5.r.cloudfront.net,server-18-245-86-77.fra60.r.cloudfront.net,server-13-225-4-62.sin52.r.cloudfront.net,server-13-226-34-65.ewr53.r.cloudfront.net,server-13-226-34-90.ewr53.r.cloudfront.net,server-3-164-92-98.yto53.r.cloudfront.net,server-108-159-80-22.bom78.r.cloudfront.net
onstove.com,server-108-139-29-40.jfk50.r.cloudfront.net,server-108-139-29-26.jfk50.r.cloudfront.net,server-3-167-88-4.iad55.r.cloudfront.net,server-13-32-121-110.fra60.r.cloudfront.net,server-13-35-210-57.sin2.r.cloudfront.net,server-18-238-192-21.sfo53.r.cloudfront.net,server-18-238-192-78.sfo53.r.cloudfront.net,server-13-35-210-114.sin2.r.cloudfront.net,server-13-32-121-123.fra60.r.cloudfront.net,server-13-227-219-37.ams54.r.cloudfront.net,server-18-161-216-35.blr50.r.cloudfront.net,server-18-245-96-43.yto50.r.cloudfront.net,
dhgate.com,a23-5-254-112.deploy.static.akamaitechnologies.com,a92-123-165-212.deploy.static.akamaitechnologies.com,a23-5-150-179.deploy.static.akamaitechnologies.com,a23-50-89-115.deploy.static.akamaitechnologies.com,a104-103-251-184.deploy.static.akamaitechnologies.com,a23-49-87-66.deploy.static.akamaitechnologies.com,a104-68-16-109.deploy.static.akamaitechnologies.com,a23-67-139-29.deploy.static.akamaitechnologies.com,a118-214-138-110.deploy.static.akamaitechnologies.com,a69-192-31-108.deploy.static.akamaitechnologies.com,,,
savvasrealize.com,server-18-65-244-125.syd3.r.cloudfront.net,server-13-224-189-40.fra2.r.cloudfront.net,server-18-66-147-117.fra60.r.cloudfront.net,server-3-165-102-65.sin2.r.cloudfront.net,server-18-164-124-45.jfk50.r.cloudfront.net,server-18-173-121-111.sfo53.r.cloudfront.net,server-13-249-39-23.iad89.r.cloudfront.net,server-18-173-121-125.sfo53.r.cloudfront.net,server-18-172-78-7.bom78.r.cloudfront.net,server-18-239-94-43.ams1.r.cloudfront.net,server-3-164-92-34.yto53.r.cloudfront.net,,
boatrace.jp,a23-38-26-119.deploy.static.akamaitechnologies.com,a104-114-103-70.deploy.static.akamaitechnologies.com,a184-26-180-193.deploy.static.akamaitechnologies.com,a104-103-193-215.deploy.static.akamaitechnologies.com,a23-5-153-217.deploy.static.akamaitechnologies.com,a104-68-13-161.deploy.static.akamaitechnologies.com,a23-204-24-50.deploy.static.akamaitechnologies.com,a125-252-229-240.deploy.static.akamaitechnologies.com,a23-59-206-120.deploy.static.akamaitechnologies.com,a23-67-130-143.deploy.static.akamaitechnologies.com,,,
meta.com,edge-star-shv-02-pnq1.facebook.com,edge-star-shv-01-syd2.facebook.com,edge-star-shv-02-fra5.facebook.com,edge-star-shv-01-yyz1.facebook.com,edge-star-shv-02-lhr8.facebook.com,edge-star-shv-01-lga3.facebook.com,edge-star-shv-01-ams4.facebook.com,edge-star-shv-02-lga3.facebook.com,edge-star-shv-01-sjc3.facebook.com,edge-star-shv-04-sin6.facebook.com,edge-star-shv-01-iad3.facebook.com,,
semanticscholar.org,server-3-168-86-7.sfo5.r.cloudfront.net,server-13-32-121-103.fra60.r.cloudfront.net,server-18-164-116-61.jfk50.r.cloudfront.net,server-13-32-208-17.iad66.r.cloudfront.net,server-108-156-60-67.ams1.r.cloudfront.net,server-13-33-165-101.yto50.r.cloudfront.net,server-18-164-116-108.jfk50.r.cloudfront.net,server-13-32-121-117.fra60.r.cloudfront.net,server-108-158-20-111.syd62.r.cloudfront.net,server-18-155-68-44.sin52.r.cloudfront.net,server-3-168-86-86.sfo5.r.cloudfront.net,server-18-239-142-117.bom54.r.cloudfront.net,
youtube-nocookie.com,lga34s40-in-f14.1e100.net,nuq04s42-in-f14.1e100.net,syd15s06-in-f14.1e100.net,bom12s14-in-f14.1e100.net,ams17s08-in-f14.1e100.net,fra24s02-in-f14.1e100.net,lhr25s33-in-f14.1e100.net,lga34s38-in-f14.1e100.net,sh-in-f190.1e100.net,ys-in-f93.1e100.net,nuq04s43-in-f14.1e100.net,yyz12s07-in-f14.1e100.net,lga25s80-in-f14.1e100.net
firstpost.com,a23-35-190-37.deploy.static.akamaitechnologies.com,a23-54-57-187.deploy.static.akamaitechnologies.com,a104-121-230-43.deploy.static.akamaitechnologies.com,a184-30-158-57.deploy.static.akamaitechnologies.com,a104-96-173-155.deploy.static.akamaitechnologies.com,a23-37-18-29.deploy.static.akamaitechnologies.com,a23-215-57-209.deploy.static.akamaitechnologies.com,a23-56-210-80.deploy.static.akamaitechnologies.com,a104-75-89-173.deploy.static.akamaitechnologies.com,a23-34-213-178.deploy.static.akamaitechnologies.com,,,
marktplaats.nl,server-18-65-39-77.ams1.r.cloudfront.net,server-18-245-31-25.fra56.r.cloudfront.net,server-3-164-206-50.hel51.r.cloudfront.net,server-18-245-96-27.yto50.r.cloudfront.net,server-18-245-60-75.fra60.r.cloudfront.net,server-18-155-192-4.sfo53.r.cloudfront.net,server-99-84-208-122.iad79.r.cloudfront.net,server-13-33-252-25.jfk50.r.cloudfront.net,server-13-226-2-117.tlv50.r.cloudfront.net,server-13-33-252-36.jfk50.r.cloudfront.net,server-13-33-252-115.jfk50.r.cloudfront.net,,
coinmarketcap.com,server-3-165-82-54.sin2.r.cloudfront.net,server-52-85-61-100.ewr53.r.cloudfront.net,server-18-66-122-28.fra60.r.cloudfront.net,server-52-85-61-16.ewr53.r.cloudfront.net,server-18-165-98-125.iad55.r.cloudfront.net,server-18-67-17-54.yto50.r.cloudfront.net,server-18-65-39-115.ams1.r.cloudfront.net,server-18-67-93-76.syd62.r.cloudfront.net,server-108-139-10-77.sfo5.r.cloudfront.net,server-108-159-80-38.bom78.r.cloudfront.net,,,
aboutamazon.com,server-18-65-39-113.ams1.r.cloudfront.net,server-18-66-57-5.bom78.r.cloudfront.net,server-108-138-7-113.fra56.r.cloudfront.net,server-18-67-93-106.syd62.r.cloudfront.net,server-65-8-161-26.sfo53.r.cloudfront.net,server-18-67-17-118.yto50.r.cloudfront.net,server-3-162-103-76.iad61.r.cloudfront.net,server-52-85-61-51.ewr53.r.cloudfront.net,server-3-165-82-101.sin2.r.cloudfront.net,server-52-85-61-110.ewr53.r.cloudfront.net,server-108-138-7-57.fra56.r.cloudfront.net,,
myntra.com,a104-99-49-43.deploy.static.akamaitechnologies.com,a96-6-25-181.deploy.static.akamaitechnologies.com,a23-52-122-244.deploy.static.akamaitechnologies.com,a23-221-133-13.deploy.static.akamaitechnologies.com,a23-212-241-13.deploy.static.akamaitechnologies.com,a104-126-113-40.deploy.static.akamaitechnologies.com,a104-83-196-235.deploy.static.akamaitechnologies.com,a104-123-40-222.deploy.static.akamaitechnologies.com,a23-216-80-225.deploy.static.akamaitechnologies.com,a104-97-4-223.deploy.static.akamaitechnologies.com,,,
nishinippon.co.jp,server-13-225-4-23.sin52.r.cloudfront.net,server-18-67-110-59.syd62.r.cloudfront.net,server-18-238-192-21.sfo53.r.cloudfront.net,server-3-168-73-24.jfk50.r.cloudfront.net,server-18-160-10-69.iad12.r.cloudfront.net,server-3-168-73-110.jfk50.r.cloudfront.net,server-18-238-192-77.sfo53.r.cloudfront.net,server-18-239-69-20.ams58.r.cloudfront.net,server-3-168-73-38.jfk50.r.cloudfront.net,server-18-245-86-117.fra60.r.cloudfront.net,server-108-159-80-32.bom78.r.cloudfront.net,server-18-67-39-37.yto50.r.cloudfront.net,
brand-display.com,server-18-164-96-7.jfk50.r.cloudfront.net,server-52-222-214-115.fra56.r.cloudfront.net,server-108-159-61-92.bom78.r.cloudfront.net,server-18-164-96-12.jfk50.r.cloudfront.net,server-18-67-39-111.yto50.r.cloudfront.net,server-18-67-93-92.syd62.r.cloudfront.net,server-18-239-69-80.ams58.r.cloudfront.net,server-18-155-68-102.sin52.r.cloudfront.net,server-18-155-202-25.sfo53.r.cloudfront.net,server-18-67-76-53.iad89.r.cloudfront.net,,,
heraldo.es,server-52-85-49-10.hel50.r.cloudfront.net,server-18-238-55-47.jfk52.r.cloudfront.net,server-18-239-36-9.ams58.r.cloudfront.net,server-18-238-55-4.jfk52.r.cloudfront.net,server-18-245-96-87.yto50.r.cloudfront.net,server-3-167-56-24.iad61.r.cloudfront.net,server-108-138-246-75.sfo5.r.cloudfront.net,server-18-66-102-82.fra56.r.cloudfront.net,server-108-138-246-44.sfo5.r.cloudfront.net,server-52-85-49-48.hel50.r.cloudfront.net,server-18-238-55-82.jfk52.r.cloudfront.net,,
solitaired.com,server-18-238-49-104.jfk52.r.cloudfront.net,server-18-155-202-106.sfo53.r.cloudfront.net,server-13-33-165-3.yto50.r.cloudfront.net,server-18-154-227-42.iad55.r.cloudfront.net,server-18-238-243-36.ams58.r.cloudfront.net,server-18-238-49-32.jfk52.r.cloudfront.net,server-18-238-49-120.jfk52.r.cloudfront.net,server-18-155-202-121.sfo53.r.cloudfront.net,server-13-35-210-49.sin2.r.cloudfront.net,server-13-33-187-10.fra60.r.cloudfront.net,server-108-158-32-82.syd3.r.cloudfront.net,server-13-33-187-69.fra60.r.cloudfront.net,server-108-158-46-34.bom78.r.cloudfront.net
businesswire.com,a23-7-61-228.deploy.static.akamaitechnologies.com,a23-38-141-187.deploy.static.akamaitechnologies.com,a23-208-252-128.deploy.static.akamaitechnologies.com,a23-203-189-172.deploy.static.akamaitechnologies.com,a23-48-138-10.deploy.static.akamaitechnologies.com,a184-26-205-34.deploy.static.akamaitechnologies.com,a23-201-185-253.deploy.static.akamaitechnologies.com,a23-45-104-53.deploy.static.akamaitechnologies.com,a23-223-12-127.deploy.static.akamaitechnologies.com,a23-196-123-36.deploy.static.akamaitechnologies.com,a23-210-109-90.deploy.static.akamaitechnologies.com,,
loteriasdominicanas.com,ec2-52-6-231-147.compute-1.amazonaws.com,ec2-44-197-36-45.compute-1.amazonaws.com,ec2-54-163-3-96.compute-1.amazonaws.com,ec2-34-225-85-206.compute-1.amazonaws.com,ec2-3-219-74-2.compute-1.amazonaws.com,ec2-52-72-248-37.compute-1.amazonaws.com,ec2-52-200-57-14.compute-1.amazonaws.com,,,,,,
aviasales.com,server-13-35-238-65.sin2.r.cloudfront.net,server-18-245-46-128.fra56.r.cloudfront.net,server-18-165-98-46.iad55.r.cloudfront.net,server-99-84-238-110.sfo5.r.cloudfront.net,server-18-164-116-77.jfk50.r.cloudfront.net,server-99-84-238-192.sfo5.r.cloudfront.net,server-18-164-116-120.jfk50.r.cloudfront.net,server-18-239-142-101.bom54.r.cloudfront.net,server-18-245-46-123.fra56.r.cloudfront.net,server-18-67-93-33.syd62.r.cloudfront.net,server-108-156-60-111.ams1.r.cloudfront.net,server-13-33-165-27.yto50.r.cloudfront.net,
salonboard.com,a2-18-27-135.deploy.static.akamaitechnologies.com,a23-1-33-9.deploy.static.akamaitechnologies.com,a23-32-29-88.deploy.static.akamaitechnologies.com,a23-216-149-140.deploy.static.akamaitechnologies.com,a104-110-191-10.deploy.static.akamaitechnologies.com,a23-50-131-147.deploy.static.akamaitechnologies.com,a23-44-203-72.deploy.static.akamaitechnologies.com,a23-216-149-136.deploy.static.akamaitechnologies.com,a184-26-162-149.deploy.static.akamaitechnologies.com,a23-34-59-21.deploy.static.akamaitechnologies.com,a23-206-243-10.deploy.static.akamaitechnologies.com,a23-34-59-10.deploy.static.akamaitechnologies.com,a23-205-255-234.deploy.static.akamaitechnologies.com
